issue_id,num_reassignments
HADOOP-9307,0.0
CAMEL-15646,1.0
CAMEL-1405,1.0
CAMEL-9514,0.0
HADOOP-8064,3.0
HADOOP-4220,1.0
HADOOP-10710,1.0
CAMEL-8193,1.0
CAMEL-1600,0.0
CAMEL-11751,3.0
CAMEL-899,1.0
HADOOP-15866,1.0
HADOOP-10954,0.0
HADOOP-14317,0.0
CAMEL-16770,0.0
CAMEL-15682,1.0
CAMEL-2571,0.0
CAMEL-14321,1.0
CAMEL-24374,1.0
CAMEL-14746,1.0
CAMEL-4704,1.0
HADOOP-3961,1.0
CAMEL-1589,1.0
HADOOP-19925,0.0
CAMEL-20043,0.0
HADOOP-7375,0.0
HADOOP-13119,2.0
CAMEL-3689,0.0
CAMEL-17780,1.0
CAMEL-352,0.0
HADOOP-16557,1.0
CAMEL-426,0.0
CAMEL-3078,1.0
HADOOP-10477,0.0
HADOOP-17801,0.0
CAMEL-21618,0.0
HADOOP-16961,1.0
HADOOP-6110,1.0
HADOOP-9355,1.0
CAMEL-23462,0.0
CAMEL-1909,2.0
HADOOP-14775,2.0
HADOOP-16035,1.0
CAMEL-508,1.0
CAMEL-23156,0.0
HADOOP-14615,1.0
HADOOP-2027,1.0
HADOOP-8819,0.0
CAMEL-4044,3.0
CAMEL-1825,1.0
HADOOP-15537,1.0
CAMEL-8692,0.0
CAMEL-16358,0.0
HADOOP-2819,1.0
CAMEL-1602,0.0
HADOOP-9868,0.0
HADOOP-2869,0.0
HADOOP-918,1.0
CAMEL-1212,1.0
CAMEL-6220,0.0
HADOOP-16897,1.0
HADOOP-16162,1.0
HADOOP-11973,1.0
CAMEL-22994,1.0
CAMEL-18873,0.0
CAMEL-23029,0.0
CAMEL-11187,1.0
CAMEL-9853,0.0
CAMEL-18206,0.0
CAMEL-2514,1.0
CAMEL-3696,1.0
CAMEL-16472,0.0
CAMEL-12408,1.0
CAMEL-21219,0.0
CAMEL-9249,1.0
HADOOP-4284,1.0
HADOOP-11465,0.0
HADOOP-6904,0.0
CAMEL-17098,0.0
CAMEL-1853,0.0
CAMEL-13408,1.0
CAMEL-995,0.0
CAMEL-13915,1.0
CAMEL-13535,0.0
HADOOP-1286,1.0
HADOOP-5048,1.0
CAMEL-13064,0.0
HADOOP-8040,2.0
HADOOP-19824,0.0
HADOOP-4825,0.0
CAMEL-6388,1.0
CAMEL-14327,0.0
CAMEL-11432,3.0
HADOOP-5737,1.0
CAMEL-15974,1.0
CAMEL-8846,0.0
CAMEL-24194,0.0
HADOOP-14533,1.0
CAMEL-3687,1.0
CAMEL-2008,1.0
CAMEL-15097,1.0
CAMEL-17029,0.0
CAMEL-18027,1.0
HADOOP-11194,1.0
CAMEL-13183,1.0
HADOOP-18661,0.0
CAMEL-21264,0.0
HADOOP-17610,0.0
CAMEL-19250,1.0
CAMEL-15398,1.0
HADOOP-16985,1.0
CAMEL-22706,0.0
HADOOP-4354,0.0
CAMEL-11577,0.0
CAMEL-20117,0.0
CAMEL-6776,0.0
CAMEL-8479,0.0
CAMEL-3995,0.0
CAMEL-23673,0.0
HADOOP-2894,0.0
CAMEL-20073,0.0
CAMEL-3018,1.0
CAMEL-7226,1.0
CAMEL-15678,1.0
HADOOP-11321,0.0
HADOOP-12367,0.0
CAMEL-16620,1.0
CAMEL-7468,0.0
HADOOP-12228,1.0
HADOOP-11414,1.0
CAMEL-11919,1.0
CAMEL-12447,0.0
CAMEL-10114,1.0
CAMEL-5710,1.0
CAMEL-17573,0.0
HADOOP-2453,0.0
HADOOP-13427,2.0
HADOOP-4703,1.0
CAMEL-21814,1.0
HADOOP-5156,1.0
CAMEL-5490,1.0
HADOOP-209,0.0
CAMEL-11122,3.0
CAMEL-16291,0.0
CAMEL-14231,1.0
CAMEL-16032,1.0
CAMEL-20845,1.0
HADOOP-17750,0.0
CAMEL-6384,0.0
CAMEL-7440,1.0
CAMEL-6085,0.0
HADOOP-2195,1.0
HADOOP-10495,0.0
CAMEL-7130,0.0
HADOOP-9157,1.0
HADOOP-16059,0.0
HADOOP-15849,1.0
CAMEL-8205,5.0
CAMEL-2689,1.0
CAMEL-22719,
CAMEL-12802,0.0
CAMEL-22412,1.0
CAMEL-21119,0.0
HADOOP-19377,0.0
CAMEL-3287,0.0
CAMEL-8139,0.0
CAMEL-4065,1.0
CAMEL-13312,1.0
CAMEL-12056,1.0
CAMEL-16926,0.0
CAMEL-17778,0.0
HADOOP-11966,0.0
HADOOP-9614,0.0
CAMEL-20860,0.0
CAMEL-19041,3.0
HADOOP-2984,1.0
CAMEL-2669,1.0
CAMEL-13281,1.0
HADOOP-15551,0.0
CAMEL-7031,1.0
CAMEL-3468,1.0
CAMEL-23327,0.0
CAMEL-11916,0.0
CAMEL-3968,1.0
CAMEL-21064,1.0
HADOOP-6558,1.0
HADOOP-2130,1.0
CAMEL-5213,1.0
CAMEL-3563,2.0
CAMEL-22049,1.0
HADOOP-15090,1.0
CAMEL-4489,1.0
CAMEL-21163,0.0
CAMEL-11056,1.0
HADOOP-14935,0.0
CAMEL-18767,1.0
CAMEL-8632,1.0
CAMEL-3586,4.0
CAMEL-23891,0.0
HADOOP-1879,1.0
CAMEL-15296,0.0
CAMEL-15102,4.0
CAMEL-14730,0.0
CAMEL-12449,1.0
CAMEL-23338,0.0
CAMEL-18989,0.0
HADOOP-19606,1.0
CAMEL-12605,0.0
CAMEL-21415,0.0
CAMEL-4217,3.0
HADOOP-15313,0.0
CAMEL-20378,1.0
HADOOP-13041,0.0
CAMEL-15128,0.0
HADOOP-18932,1.0
CAMEL-18228,1.0
CAMEL-14345,1.0
CAMEL-23657,1.0
HADOOP-5500,0.0
CAMEL-10898,0.0
HADOOP-15908,1.0
CAMEL-2738,0.0
HADOOP-4365,2.0
HADOOP-153,5.0
CAMEL-790,1.0
HADOOP-19731,1.0
HADOOP-4919,0.0
HADOOP-6582,0.0
CAMEL-9564,1.0
CAMEL-21203,1.0
HADOOP-2089,0.0
CAMEL-8420,1.0
HADOOP-18128,1.0
CAMEL-13147,0.0
CAMEL-3351,1.0
CAMEL-23117,1.0
HADOOP-3180,1.0
HADOOP-1889,0.0
CAMEL-6748,1.0
CAMEL-20448,1.0
CAMEL-24184,1.0
CAMEL-3104,1.0
CAMEL-1387,1.0
CAMEL-2424,0.0
CAMEL-1543,1.0
CAMEL-16502,0.0
CAMEL-19975,1.0
CAMEL-18395,0.0
HADOOP-16953,1.0
CAMEL-19266,0.0
HADOOP-14594,0.0
CAMEL-23220,0.0
HADOOP-15808,0.0
CAMEL-20210,1.0
CAMEL-4670,1.0
CAMEL-275,0.0
HADOOP-15027,1.0
CAMEL-3199,0.0
HADOOP-195,0.0
CAMEL-10437,0.0
HADOOP-9754,0.0
HADOOP-4542,1.0
HADOOP-12457,1.0
CAMEL-10786,2.0
HADOOP-722,0.0
HADOOP-4187,1.0
CAMEL-6479,1.0
CAMEL-7846,0.0
CAMEL-19239,0.0
HADOOP-9097,1.0
CAMEL-12471,0.0
CAMEL-15314,1.0
CAMEL-6465,1.0
CAMEL-15955,3.0
CAMEL-22989,0.0
CAMEL-21470,0.0
CAMEL-13864,0.0
CAMEL-20679,1.0
CAMEL-11698,1.0
CAMEL-12701,0.0
HADOOP-2713,2.0
CAMEL-19111,1.0
CAMEL-19126,0.0
CAMEL-19507,0.0
CAMEL-20502,1.0
CAMEL-20256,0.0
CAMEL-24361,1.0
HADOOP-6584,0.0
HADOOP-8754,0.0
CAMEL-13931,1.0
CAMEL-3060,1.0
CAMEL-3226,1.0
CAMEL-9313,1.0
HADOOP-13130,1.0
HADOOP-2754,1.0
CAMEL-16394,1.0
CAMEL-6192,0.0
CAMEL-12154,1.0
HADOOP-1120,1.0
CAMEL-8092,1.0
CAMEL-4746,1.0
CAMEL-12699,1.0
CAMEL-8372,1.0
CAMEL-6923,0.0
HADOOP-6313,0.0
CAMEL-19413,1.0
HADOOP-12171,0.0
CAMEL-12966,5.0
CAMEL-23314,0.0
CAMEL-11216,1.0
CAMEL-7229,1.0
HADOOP-1217,1.0
HADOOP-11090,2.0
CAMEL-9161,1.0
CAMEL-21617,1.0
CAMEL-5067,0.0
CAMEL-21606,1.0
HADOOP-8767,1.0
CAMEL-22473,0.0
HADOOP-13361,0.0
CAMEL-15767,1.0
CAMEL-15821,1.0
CAMEL-20558,0.0
CAMEL-373,0.0
CAMEL-22685,0.0
CAMEL-11421,1.0
CAMEL-14168,0.0
CAMEL-12830,2.0
CAMEL-3749,1.0
CAMEL-19980,0.0
HADOOP-387,0.0
CAMEL-23001,1.0
HADOOP-18954,3.0
CAMEL-7308,1.0
CAMEL-13842,1.0
CAMEL-4416,0.0
CAMEL-23987,1.0
CAMEL-15098,1.0
CAMEL-23993,1.0
CAMEL-11610,1.0
CAMEL-8343,0.0
CAMEL-19641,1.0
CAMEL-17079,0.0
HADOOP-11252,2.0
CAMEL-22454,0.0
CAMEL-16341,1.0
CAMEL-13929,1.0
HADOOP-3658,1.0
CAMEL-11422,1.0
HADOOP-6146,0.0
CAMEL-22048,1.0
CAMEL-2575,1.0
CAMEL-12589,1.0
CAMEL-13219,1.0
CAMEL-20905,0.0
CAMEL-19974,0.0
CAMEL-21611,0.0
CAMEL-15422,0.0
HADOOP-1692,0.0
CAMEL-14840,0.0
CAMEL-14017,1.0
HADOOP-4213,1.0
CAMEL-14778,1.0
HADOOP-6642,1.0
CAMEL-4515,2.0
CAMEL-17655,0.0
CAMEL-6915,0.0
CAMEL-15122,0.0
CAMEL-9737,0.0
CAMEL-23787,0.0
CAMEL-2181,1.0
CAMEL-3693,1.0
CAMEL-7742,1.0
CAMEL-1265,0.0
HADOOP-11181,0.0
HADOOP-11173,0.0
HADOOP-15881,1.0
CAMEL-8153,1.0
HADOOP-14188,2.0
CAMEL-10584,0.0
CAMEL-20017,1.0
CAMEL-7990,0.0
HADOOP-13202,1.0
CAMEL-432,1.0
HADOOP-6009,1.0
CAMEL-18864,1.0
CAMEL-22444,1.0
CAMEL-16251,0.0
CAMEL-11449,1.0
CAMEL-14670,1.0
HADOOP-4282,1.0
CAMEL-3747,2.0
CAMEL-3536,0.0
HADOOP-16515,1.0
CAMEL-12878,1.0
CAMEL-2197,2.0
HADOOP-11867,3.0
HADOOP-14807,0.0
CAMEL-15413,1.0
HADOOP-15008,0.0
HADOOP-18936,1.0
HADOOP-11049,0.0
HADOOP-15469,0.0
CAMEL-19757,0.0
CAMEL-2678,1.0
HADOOP-16487,0.0
CAMEL-15554,0.0
CAMEL-4229,0.0
CAMEL-21616,0.0
CAMEL-18267,0.0
CAMEL-3464,1.0
CAMEL-10362,1.0
HADOOP-1110,1.0
CAMEL-18925,0.0
CAMEL-6470,0.0
CAMEL-19880,0.0
HADOOP-17508,0.0
CAMEL-18264,0.0
CAMEL-17344,0.0
HADOOP-18049,0.0
HADOOP-9450,1.0
CAMEL-16152,1.0
CAMEL-23946,1.0
CAMEL-18782,1.0
CAMEL-20186,0.0
HADOOP-13981,0.0
CAMEL-15884,0.0
CAMEL-313,0.0
CAMEL-22739,0.0
HADOOP-13946,0.0
CAMEL-11080,1.0
CAMEL-11597,3.0
CAMEL-13717,1.0
CAMEL-1474,1.0
HADOOP-14126,1.0
HADOOP-19698,1.0
HADOOP-7593,1.0
CAMEL-17277,0.0
CAMEL-17351,0.0
HADOOP-9315,0.0
CAMEL-14299,0.0
HADOOP-6860,0.0
CAMEL-18748,1.0
CAMEL-7404,1.0
CAMEL-2482,2.0
CAMEL-18471,0.0
CAMEL-11552,0.0
CAMEL-4451,0.0
CAMEL-9466,1.0
CAMEL-6392,1.0
CAMEL-20138,0.0
CAMEL-22317,0.0
CAMEL-22033,0.0
CAMEL-13944,1.0
CAMEL-984,0.0
CAMEL-22579,0.0
HADOOP-2189,2.0
CAMEL-18604,0.0
HADOOP-37,0.0
CAMEL-23516,1.0
HADOOP-19160,0.0
CAMEL-22063,1.0
CAMEL-2676,0.0
CAMEL-15541,0.0
HADOOP-18131,0.0
CAMEL-21447,1.0
HADOOP-756,1.0
CAMEL-11277,1.0
CAMEL-190,0.0
CAMEL-431,1.0
CAMEL-24225,0.0
CAMEL-6895,1.0
HADOOP-16832,1.0
HADOOP-6079,0.0
HADOOP-16368,0.0
CAMEL-4128,0.0
CAMEL-4262,0.0
CAMEL-9713,1.0
CAMEL-5085,0.0
HADOOP-19495,1.0
CAMEL-10442,1.0
CAMEL-22503,0.0
HADOOP-15644,0.0
CAMEL-16253,0.0
CAMEL-6989,0.0
HADOOP-13360,0.0
CAMEL-908,1.0
CAMEL-12852,1.0
HADOOP-5204,1.0
CAMEL-3908,1.0
CAMEL-10892,1.0
CAMEL-2324,0.0
HADOOP-5458,1.0
CAMEL-23793,1.0
HADOOP-11814,0.0
HADOOP-8357,1.0
CAMEL-5109,0.0
CAMEL-15439,1.0
HADOOP-7509,0.0
CAMEL-21727,1.0
CAMEL-5431,1.0
CAMEL-10913,1.0
CAMEL-18571,0.0
HADOOP-1147,0.0
CAMEL-9473,0.0
CAMEL-14744,0.0
HADOOP-19336,0.0
HADOOP-6978,0.0
CAMEL-14079,2.0
CAMEL-1879,1.0
HADOOP-14390,1.0
CAMEL-14468,0.0
CAMEL-9325,1.0
CAMEL-3807,0.0
HADOOP-18649,0.0
HADOOP-6829,0.0
CAMEL-11026,0.0
CAMEL-14878,1.0
HADOOP-729,0.0
CAMEL-22908,0.0
CAMEL-4450,0.0
CAMEL-15888,0.0
CAMEL-11594,1.0
HADOOP-19596,0.0
HADOOP-19400,0.0
HADOOP-7322,0.0
CAMEL-16533,0.0
CAMEL-12503,1.0
CAMEL-24064,1.0
HADOOP-15129,2.0
CAMEL-14351,1.0
CAMEL-18549,0.0
CAMEL-6981,0.0
HADOOP-15636,0.0
CAMEL-19248,1.0
HADOOP-16655,0.0
CAMEL-23654,0.0
CAMEL-22846,1.0
HADOOP-9279,1.0
CAMEL-12841,0.0
HADOOP-7698,0.0
CAMEL-19795,1.0
HADOOP-2460,0.0
CAMEL-15674,0.0
HADOOP-4828,0.0
CAMEL-8820,0.0
CAMEL-18800,0.0
CAMEL-8970,0.0
CAMEL-1454,0.0
CAMEL-23609,0.0
CAMEL-18955,1.0
HADOOP-18524,2.0
CAMEL-5828,1.0
HADOOP-431,2.0
HADOOP-16520,1.0
CAMEL-11564,1.0
CAMEL-18813,0.0
CAMEL-9265,1.0
CAMEL-21885,0.0
CAMEL-22676,0.0
HADOOP-3299,1.0
HADOOP-10852,0.0
HADOOP-17445,0.0
HADOOP-6548,1.0
CAMEL-9351,0.0
HADOOP-14468,1.0
CAMEL-3157,0.0
CAMEL-22146,1.0
CAMEL-5846,1.0
CAMEL-9680,1.0
CAMEL-20984,1.0
CAMEL-21970,0.0
CAMEL-18363,0.0
HADOOP-16213,0.0
CAMEL-8558,1.0
CAMEL-6887,0.0
HADOOP-17058,1.0
CAMEL-6851,1.0
CAMEL-4635,0.0
HADOOP-10737,1.0
CAMEL-16782,1.0
CAMEL-6216,1.0
CAMEL-19418,0.0
CAMEL-7956,1.0
CAMEL-8226,1.0
CAMEL-17345,1.0
HADOOP-11226,1.0
CAMEL-6297,1.0
HADOOP-18363,0.0
CAMEL-20209,0.0
CAMEL-17458,1.0
HADOOP-9723,2.0
HADOOP-3154,3.0
CAMEL-3911,0.0
HADOOP-8956,0.0
CAMEL-12370,1.0
CAMEL-18173,0.0
CAMEL-7973,1.0
CAMEL-14646,0.0
HADOOP-11586,0.0
HADOOP-4150,2.0
CAMEL-19579,1.0
HADOOP-12116,0.0
HADOOP-879,1.0
CAMEL-19649,1.0
CAMEL-19840,0.0
HADOOP-15237,1.0
CAMEL-5116,0.0
CAMEL-12086,1.0
CAMEL-12336,1.0
HADOOP-12450,0.0
HADOOP-16418,1.0
HADOOP-10035,1.0
CAMEL-1247,1.0
HADOOP-916,0.0
CAMEL-9445,0.0
HADOOP-1748,0.0
CAMEL-6333,1.0
CAMEL-23815,0.0
CAMEL-10366,1.0
CAMEL-9021,1.0
CAMEL-5958,1.0
CAMEL-9419,1.0
CAMEL-11685,0.0
HADOOP-9784,0.0
CAMEL-22824,0.0
CAMEL-21703,1.0
CAMEL-11301,0.0
CAMEL-12072,1.0
HADOOP-18546,1.0
CAMEL-24220,1.0
CAMEL-22865,1.0
CAMEL-8392,1.0
CAMEL-13991,0.0
HADOOP-11565,1.0
HADOOP-19745,1.0
HADOOP-8638,2.0
HADOOP-5533,1.0
CAMEL-8007,0.0
CAMEL-18028,1.0
CAMEL-766,1.0
CAMEL-21812,0.0
CAMEL-18905,1.0
HADOOP-15180,1.0
CAMEL-9845,0.0
HADOOP-12248,1.0
CAMEL-3891,0.0
CAMEL-8431,1.0
CAMEL-5388,1.0
HADOOP-14373,0.0
CAMEL-12549,1.0
CAMEL-17002,1.0
CAMEL-375,0.0
CAMEL-9620,1.0
CAMEL-14451,0.0
HADOOP-19483,0.0
CAMEL-11638,0.0
CAMEL-6004,1.0
CAMEL-15501,0.0
HADOOP-13083,1.0
CAMEL-3590,1.0
CAMEL-1702,1.0
CAMEL-15632,0.0
CAMEL-20245,0.0
CAMEL-18899,1.0
CAMEL-17781,1.0
HADOOP-16828,0.0
CAMEL-4038,1.0
CAMEL-23128,1.0
CAMEL-18348,0.0
HADOOP-933,1.0
CAMEL-2763,0.0
CAMEL-16829,1.0
HADOOP-9261,1.0
CAMEL-16561,0.0
CAMEL-15109,0.0
CAMEL-8123,1.0
CAMEL-14284,5.0
HADOOP-9151,0.0
CAMEL-2594,1.0
HADOOP-1955,1.0
CAMEL-4491,1.0
HADOOP-6407,1.0
HADOOP-19066,1.0
HADOOP-2563,1.0
CAMEL-3912,1.0
HADOOP-14489,0.0
HADOOP-9297,0.0
CAMEL-14780,0.0
HADOOP-15664,1.0
HADOOP-5858,0.0
CAMEL-9089,1.0
CAMEL-12401,0.0
CAMEL-2860,0.0
CAMEL-17755,1.0
CAMEL-16727,0.0
HADOOP-15814,1.0
CAMEL-8668,1.0
CAMEL-11183,2.0
CAMEL-14672,1.0
CAMEL-5871,1.0
CAMEL-7334,0.0
CAMEL-21792,1.0
CAMEL-2508,0.0
CAMEL-20788,1.0
CAMEL-2252,0.0
CAMEL-2543,1.0
HADOOP-2596,1.0
CAMEL-24245,0.0
CAMEL-7211,0.0
CAMEL-7701,1.0
HADOOP-45,3.0
CAMEL-3588,1.0
HADOOP-6811,1.0
CAMEL-10253,1.0
CAMEL-16944,0.0
HADOOP-15996,1.0
CAMEL-22407,1.0
CAMEL-14727,0.0
CAMEL-1157,0.0
CAMEL-20961,1.0
CAMEL-20036,1.0
CAMEL-15896,0.0
HADOOP-3333,2.0
HADOOP-3586,1.0
HADOOP-8290,0.0
CAMEL-16758,0.0
CAMEL-1264,1.0
HADOOP-625,0.0
CAMEL-332,1.0
HADOOP-1695,1.0
HADOOP-13227,0.0
HADOOP-18713,1.0
CAMEL-19121,1.0
CAMEL-22139,0.0
CAMEL-1719,0.0
CAMEL-12656,1.0
CAMEL-18898,1.0
CAMEL-23000,1.0
CAMEL-17304,1.0
CAMEL-15913,1.0
CAMEL-14455,0.0
HADOOP-14928,0.0
HADOOP-17492,1.0
CAMEL-20691,0.0
HADOOP-15731,0.0
CAMEL-16531,2.0
HADOOP-9014,0.0
HADOOP-5465,0.0
CAMEL-17373,1.0
CAMEL-10951,0.0
CAMEL-5122,4.0
CAMEL-11966,1.0
CAMEL-17761,0.0
CAMEL-935,1.0
CAMEL-2737,2.0
CAMEL-24044,0.0
CAMEL-18637,0.0
CAMEL-3480,2.0
CAMEL-2316,0.0
HADOOP-2804,0.0
HADOOP-14701,1.0
HADOOP-1973,1.0
CAMEL-17621,1.0
HADOOP-4950,0.0
HADOOP-13346,3.0
CAMEL-1021,1.0
CAMEL-20259,0.0
CAMEL-6413,0.0
CAMEL-4174,0.0
CAMEL-2132,0.0
CAMEL-21465,0.0
HADOOP-3265,1.0
CAMEL-290,0.0
HADOOP-14032,0.0
HADOOP-15714,1.0
CAMEL-12782,1.0
HADOOP-17928,0.0
CAMEL-6497,0.0
CAMEL-22108,0.0
CAMEL-7828,0.0
CAMEL-7538,0.0
CAMEL-22660,0.0
CAMEL-9457,1.0
HADOOP-17793,1.0
HADOOP-19278,1.0
CAMEL-12545,1.0
CAMEL-16907,1.0
CAMEL-20204,1.0
CAMEL-1854,0.0
CAMEL-3577,0.0
CAMEL-2807,0.0
HADOOP-17894,1.0
HADOOP-11412,1.0
HADOOP-11081,1.0
CAMEL-5783,1.0
HADOOP-16364,0.0
HADOOP-326,0.0
HADOOP-17582,0.0
HADOOP-13624,1.0
CAMEL-13368,1.0
CAMEL-3338,1.0
CAMEL-4682,0.0
CAMEL-23759,0.0
CAMEL-3394,0.0
HADOOP-7737,0.0
HADOOP-17682,0.0
CAMEL-6641,1.0
HADOOP-7238,0.0
CAMEL-17040,0.0
CAMEL-14030,0.0
HADOOP-17399,0.0
CAMEL-21214,0.0
CAMEL-10044,1.0
CAMEL-3502,1.0
CAMEL-2857,0.0
HADOOP-17936,0.0
CAMEL-20048,1.0
CAMEL-13306,0.0
HADOOP-8113,2.0
HADOOP-4539,1.0
CAMEL-10391,1.0
CAMEL-10243,0.0
CAMEL-23351,1.0
CAMEL-16964,1.0
HADOOP-13988,1.0
HADOOP-17929,0.0
CAMEL-11969,0.0
CAMEL-15620,0.0
CAMEL-15353,0.0
CAMEL-22019,1.0
HADOOP-7143,1.0
HADOOP-16199,0.0
CAMEL-6372,0.0
HADOOP-8623,1.0
CAMEL-17299,1.0
HADOOP-8755,1.0
CAMEL-8942,1.0
CAMEL-17012,0.0
HADOOP-15676,0.0
CAMEL-16711,1.0
CAMEL-8334,1.0
HADOOP-13380,0.0
CAMEL-13863,1.0
CAMEL-9998,0.0
CAMEL-4762,0.0
HADOOP-9329,1.0
CAMEL-17131,2.0
HADOOP-10546,1.0
CAMEL-17574,1.0
CAMEL-12697,0.0
HADOOP-10788,2.0
CAMEL-4994,1.0
CAMEL-23420,1.0
CAMEL-8419,1.0
HADOOP-5641,2.0
CAMEL-14332,2.0
HADOOP-6859,0.0
HADOOP-8169,0.0
CAMEL-806,1.0
CAMEL-18056,1.0
HADOOP-17623,1.0
CAMEL-20650,0.0
CAMEL-21701,1.0
CAMEL-12304,1.0
CAMEL-8642,0.0
CAMEL-9186,1.0
CAMEL-2950,0.0
HADOOP-3950,1.0
CAMEL-11543,1.0
HADOOP-4640,1.0
HADOOP-15759,1.0
CAMEL-20400,1.0
CAMEL-10373,0.0
HADOOP-15288,1.0
HADOOP-13042,0.0
HADOOP-6301,1.0
CAMEL-14376,0.0
CAMEL-9520,1.0
HADOOP-10688,0.0
CAMEL-4436,0.0
HADOOP-2390,0.0
CAMEL-3854,1.0
HADOOP-2796,1.0
CAMEL-22770,0.0
HADOOP-1855,1.0
HADOOP-89,2.0
HADOOP-14125,1.0
CAMEL-5365,1.0
CAMEL-23607,1.0
HADOOP-11180,0.0
HADOOP-154,0.0
HADOOP-11349,1.0
CAMEL-4629,1.0
CAMEL-15558,0.0
CAMEL-15298,1.0
HADOOP-12482,0.0
CAMEL-7221,0.0
CAMEL-8856,1.0
CAMEL-8541,1.0
CAMEL-18580,0.0
CAMEL-1809,0.0
HADOOP-6977,0.0
CAMEL-6752,1.0
HADOOP-13201,1.0
CAMEL-288,0.0
HADOOP-19827,1.0
HADOOP-14673,1.0
HADOOP-18228,2.0
CAMEL-11400,0.0
CAMEL-19586,0.0
CAMEL-14948,1.0
HADOOP-3485,1.0
CAMEL-12762,1.0
HADOOP-4097,0.0
CAMEL-13386,1.0
HADOOP-9106,1.0
CAMEL-13674,0.0
CAMEL-23205,1.0
HADOOP-4430,0.0
CAMEL-14681,1.0
CAMEL-23508,0.0
HADOOP-18156,4.0
CAMEL-2473,0.0
HADOOP-347,0.0
CAMEL-13277,0.0
HADOOP-14622,0.0
HADOOP-12977,1.0
CAMEL-6690,0.0
CAMEL-11447,0.0
CAMEL-14483,1.0
HADOOP-1020,1.0
CAMEL-5415,1.0
CAMEL-11650,0.0
CAMEL-13598,1.0
CAMEL-17603,0.0
CAMEL-419,0.0
CAMEL-4144,1.0
CAMEL-14912,1.0
HADOOP-18958,1.0
HADOOP-271,0.0
CAMEL-4980,0.0
HADOOP-3754,0.0
HADOOP-4690,1.0
CAMEL-17524,0.0
HADOOP-16882,1.0
HADOOP-19137,0.0
HADOOP-13439,1.0
HADOOP-9354,0.0
CAMEL-11989,0.0
HADOOP-3473,0.0
CAMEL-3401,0.0
CAMEL-11780,3.0
CAMEL-9693,0.0
HADOOP-19744,1.0
HADOOP-18302,0.0
CAMEL-3545,1.0
CAMEL-14141,0.0
HADOOP-12665,4.0
CAMEL-22881,0.0
CAMEL-15984,0.0
CAMEL-5294,1.0
HADOOP-7446,1.0
CAMEL-10570,0.0
HADOOP-12469,1.0
HADOOP-16349,2.0
HADOOP-7947,1.0
CAMEL-21510,1.0
CAMEL-17042,0.0
CAMEL-16962,1.0
HADOOP-8986,0.0
CAMEL-22535,1.0
HADOOP-4786,1.0
HADOOP-8159,0.0
CAMEL-17866,1.0
HADOOP-10110,0.0
CAMEL-5376,1.0
CAMEL-4609,1.0
CAMEL-20298,1.0
HADOOP-11193,0.0
CAMEL-13058,0.0
CAMEL-11267,1.0
CAMEL-1712,0.0
CAMEL-4292,1.0
HADOOP-1205,1.0
HADOOP-8563,0.0
CAMEL-3533,1.0
CAMEL-9035,1.0
CAMEL-3597,0.0
HADOOP-2989,0.0
HADOOP-10067,1.0
CAMEL-1840,0.0
HADOOP-451,1.0
HADOOP-16510,1.0
CAMEL-5185,1.0
CAMEL-15806,0.0
HADOOP-13052,0.0
CAMEL-6709,0.0
CAMEL-10459,1.0
CAMEL-6556,1.0
HADOOP-15816,1.0
CAMEL-8845,0.0
CAMEL-15163,0.0
CAMEL-3472,1.0
CAMEL-15489,0.0
HADOOP-146,0.0
CAMEL-10095,1.0
CAMEL-11463,1.0
HADOOP-14173,0.0
CAMEL-19232,1.0
CAMEL-16509,0.0
CAMEL-17875,0.0
HADOOP-2095,1.0
CAMEL-18076,1.0
CAMEL-173,1.0
HADOOP-228,0.0
HADOOP-7266,1.0
CAMEL-15007,0.0
CAMEL-9113,1.0
CAMEL-20976,0.0
CAMEL-6999,2.0
CAMEL-4396,1.0
CAMEL-23123,0.0
CAMEL-17404,0.0
CAMEL-13028,0.0
CAMEL-3558,0.0
CAMEL-19129,1.0
CAMEL-14223,0.0
CAMEL-7260,1.0
HADOOP-833,1.0
CAMEL-7644,2.0
CAMEL-4586,0.0
CAMEL-22130,1.0
CAMEL-20721,1.0
CAMEL-5886,0.0
CAMEL-5859,0.0
HADOOP-8764,1.0
HADOOP-9652,5.0
HADOOP-1601,0.0
HADOOP-64,2.0
CAMEL-23389,1.0
CAMEL-15566,0.0
CAMEL-827,1.0
CAMEL-14956,1.0
CAMEL-6383,0.0
HADOOP-14938,1.0
CAMEL-10150,0.0
CAMEL-23241,1.0
CAMEL-23636,1.0
HADOOP-13831,1.0
HADOOP-2873,1.0
CAMEL-6866,1.0
CAMEL-7191,1.0
HADOOP-5172,1.0
HADOOP-4917,2.0
CAMEL-14182,0.0
CAMEL-2886,0.0
HADOOP-6066,0.0
HADOOP-8036,2.0
CAMEL-23190,0.0
HADOOP-8140,3.0
CAMEL-1015,0.0
HADOOP-5671,0.0
CAMEL-9643,0.0
CAMEL-23132,1.0
CAMEL-21950,1.0
CAMEL-22354,1.0
CAMEL-11585,1.0
HADOOP-5232,1.0
CAMEL-21487,0.0
CAMEL-10436,1.0
CAMEL-19402,0.0
CAMEL-17476,0.0
CAMEL-7947,0.0
CAMEL-19694,0.0
HADOOP-10235,0.0
CAMEL-6165,1.0
CAMEL-15830,0.0
HADOOP-7887,0.0
CAMEL-8353,0.0
CAMEL-19329,1.0
CAMEL-21159,0.0
HADOOP-8341,0.0
CAMEL-15141,0.0
CAMEL-15069,1.0
CAMEL-20471,1.0
HADOOP-335,1.0
CAMEL-16980,0.0
CAMEL-14068,1.0
CAMEL-2781,0.0
CAMEL-12720,1.0
CAMEL-20531,1.0
HADOOP-1152,1.0
CAMEL-5006,1.0
CAMEL-9193,0.0
CAMEL-20132,0.0
HADOOP-10048,1.0
CAMEL-10853,1.0
CAMEL-13298,1.0
HADOOP-1569,1.0
CAMEL-18333,0.0
HADOOP-11264,0.0
CAMEL-9915,1.0
CAMEL-20634,0.0
CAMEL-6964,1.0
HADOOP-7529,1.0
HADOOP-7328,0.0
HADOOP-14660,0.0
CAMEL-4410,1.0
HADOOP-114,1.0
CAMEL-8601,0.0
HADOOP-12472,1.0
HADOOP-15214,0.0
HADOOP-553,1.0
CAMEL-17365,1.0
HADOOP-978,1.0
CAMEL-15190,1.0
CAMEL-808,0.0
HADOOP-14495,0.0
CAMEL-14929,1.0
HADOOP-11916,1.0
HADOOP-1357,1.0
CAMEL-10489,0.0
CAMEL-17276,1.0
HADOOP-5124,0.0
CAMEL-24242,1.0
HADOOP-10055,1.0
HADOOP-12065,0.0
HADOOP-13768,0.0
CAMEL-8700,1.0
HADOOP-4146,0.0
HADOOP-1427,1.0
CAMEL-12801,1.0
CAMEL-2102,1.0
HADOOP-3962,1.0
CAMEL-21193,0.0
CAMEL-23580,0.0
CAMEL-926,1.0
HADOOP-11603,0.0
CAMEL-11688,1.0
CAMEL-10888,1.0
CAMEL-20960,1.0
CAMEL-18192,0.0
HADOOP-5374,1.0
HADOOP-19702,1.0
CAMEL-18850,0.0
CAMEL-16888,0.0
CAMEL-4558,1.0
HADOOP-3747,1.0
CAMEL-16549,0.0
CAMEL-6875,1.0
HADOOP-4189,0.0
CAMEL-9337,1.0
CAMEL-6439,0.0
HADOOP-19567,1.0
CAMEL-16194,0.0
HADOOP-8234,0.0
CAMEL-15419,0.0
CAMEL-15393,0.0
HADOOP-8243,0.0
CAMEL-15938,1.0
HADOOP-18946,1.0
CAMEL-334,0.0
HADOOP-11983,1.0
HADOOP-3951,2.0
CAMEL-23852,1.0
CAMEL-18891,0.0
CAMEL-15705,0.0
CAMEL-22135,1.0
CAMEL-16036,0.0
CAMEL-21575,1.0
CAMEL-23643,1.0
CAMEL-11804,1.0
CAMEL-13210,0.0
CAMEL-18951,0.0
CAMEL-9206,1.0
CAMEL-6782,0.0
HADOOP-15674,0.0
CAMEL-4902,1.0
CAMEL-5899,0.0
CAMEL-3370,1.0
CAMEL-12614,1.0
CAMEL-10537,1.0
HADOOP-16986,0.0
HADOOP-6962,1.0
CAMEL-9646,1.0
CAMEL-7744,0.0
CAMEL-16904,0.0
CAMEL-3171,2.0
CAMEL-1172,0.0
HADOOP-9026,0.0
HADOOP-10908,3.0
CAMEL-2060,0.0
HADOOP-5864,1.0
CAMEL-15878,0.0
HADOOP-673,1.0
CAMEL-14380,0.0
HADOOP-1433,
HADOOP-12766,1.0
CAMEL-5836,1.0
CAMEL-3094,0.0
HADOOP-9504,0.0
CAMEL-3046,
CAMEL-9339,0.0
CAMEL-22191,0.0
HADOOP-14485,1.0
CAMEL-1438,1.0
HADOOP-8816,1.0
CAMEL-20127,0.0
CAMEL-12752,0.0
HADOOP-14442,0.0
CAMEL-16463,0.0
HADOOP-7309,1.0
CAMEL-15727,0.0
CAMEL-14119,1.0
HADOOP-9056,0.0
CAMEL-23042,0.0
CAMEL-13928,0.0
CAMEL-13263,1.0
HADOOP-7664,0.0
CAMEL-2352,0.0
HADOOP-5088,1.0
CAMEL-10032,1.0
HADOOP-11213,0.0
HADOOP-1540,3.0
CAMEL-7225,1.0
CAMEL-20587,0.0
CAMEL-7398,1.0
CAMEL-9093,0.0
CAMEL-642,1.0
CAMEL-20551,0.0
HADOOP-13591,0.0
HADOOP-14681,0.0
HADOOP-16263,0.0
CAMEL-19036,0.0
CAMEL-17442,1.0
CAMEL-22688,0.0
CAMEL-5563,0.0
CAMEL-16600,0.0
HADOOP-10293,1.0
CAMEL-3231,1.0
HADOOP-19928,0.0
CAMEL-1996,0.0
CAMEL-18706,0.0
HADOOP-1156,0.0
HADOOP-6506,0.0
CAMEL-5349,0.0
HADOOP-17844,0.0
CAMEL-15680,0.0
HADOOP-19115,1.0
CAMEL-3244,0.0
CAMEL-274,2.0
CAMEL-19728,0.0
CAMEL-13917,1.0
HADOOP-15939,0.0
HADOOP-4533,1.0
CAMEL-6055,0.0
CAMEL-5171,1.0
CAMEL-23162,0.0
HADOOP-11377,1.0
CAMEL-11083,0.0
CAMEL-22300,1.0
HADOOP-12548,1.0
CAMEL-19881,1.0
CAMEL-5452,1.0
CAMEL-14754,0.0
HADOOP-12001,1.0
CAMEL-15237,1.0
CAMEL-21075,0.0
CAMEL-14272,0.0
CAMEL-9545,1.0
HADOOP-17198,1.0
CAMEL-16558,0.0
HADOOP-6227,1.0
CAMEL-12729,0.0
CAMEL-19396,0.0
CAMEL-21045,1.0
CAMEL-20914,0.0
CAMEL-8296,1.0
CAMEL-5051,1.0
CAMEL-18167,0.0
CAMEL-13582,0.0
CAMEL-12066,0.0
CAMEL-1399,0.0
CAMEL-7430,0.0
CAMEL-18371,0.0
CAMEL-14087,1.0
HADOOP-12864,1.0
CAMEL-1558,1.0
CAMEL-13580,1.0
HADOOP-1809,1.0
HADOOP-7671,4.0
CAMEL-7220,2.0
CAMEL-22695,1.0
CAMEL-7528,1.0
CAMEL-13656,1.0
CAMEL-17319,0.0
CAMEL-5204,0.0
CAMEL-16028,0.0
HADOOP-11217,0.0
HADOOP-3080,0.0
CAMEL-20548,1.0
CAMEL-23435,1.0
CAMEL-19663,0.0
CAMEL-12921,0.0
HADOOP-7230,0.0
CAMEL-17578,0.0
HADOOP-90,1.0
HADOOP-10430,0.0
CAMEL-7807,0.0
CAMEL-23494,0.0
HADOOP-13833,1.0
CAMEL-2878,0.0
HADOOP-14195,2.0
HADOOP-9316,1.0
CAMEL-17253,0.0
HADOOP-17633,1.0
CAMEL-12335,0.0
CAMEL-13960,0.0
CAMEL-9796,1.0
CAMEL-1647,0.0
CAMEL-8532,0.0
CAMEL-14898,0.0
CAMEL-641,0.0
CAMEL-19371,1.0
CAMEL-8931,1.0
CAMEL-2517,1.0
CAMEL-13887,1.0
CAMEL-20505,0.0
HADOOP-2431,0.0
CAMEL-23913,1.0
CAMEL-22352,1.0
CAMEL-686,0.0
CAMEL-14864,0.0
HADOOP-10482,2.0
CAMEL-9357,0.0
HADOOP-8032,0.0
HADOOP-11647,0.0
CAMEL-2734,1.0
HADOOP-14402,1.0
HADOOP-19600,0.0
HADOOP-9629,4.0
CAMEL-19905,0.0
CAMEL-23258,0.0
HADOOP-10211,0.0
CAMEL-24288,1.0
CAMEL-9787,0.0
CAMEL-2811,1.0
CAMEL-4700,1.0
CAMEL-3626,1.0
CAMEL-20495,0.0
CAMEL-7762,0.0
CAMEL-6318,1.0
CAMEL-6849,0.0
CAMEL-8255,1.0
CAMEL-21145,0.0
CAMEL-22562,1.0
CAMEL-19341,1.0
CAMEL-16726,1.0
CAMEL-2601,1.0
HADOOP-8286,0.0
HADOOP-4377,1.0
CAMEL-15013,0.0
CAMEL-21348,0.0
HADOOP-2239,1.0
HADOOP-13089,0.0
HADOOP-19411,0.0
CAMEL-10975,0.0
CAMEL-23857,1.0
CAMEL-11831,1.0
CAMEL-21997,1.0
HADOOP-11807,1.0
CAMEL-19484,1.0
HADOOP-15855,0.0
CAMEL-21065,1.0
CAMEL-15124,1.0
HADOOP-2756,4.0
HADOOP-18515,0.0
CAMEL-3138,0.0
CAMEL-4480,2.0
CAMEL-5115,0.0
HADOOP-11348,0.0
CAMEL-9672,1.0
CAMEL-18463,1.0
HADOOP-3537,1.0
HADOOP-11707,0.0
CAMEL-20977,0.0
CAMEL-23229,0.0
HADOOP-13412,0.0
CAMEL-4025,1.0
CAMEL-23917,0.0
HADOOP-11760,1.0
CAMEL-4012,1.0
HADOOP-19170,0.0
HADOOP-15791,0.0
CAMEL-24249,1.0
HADOOP-11153,0.0
CAMEL-6062,1.0
CAMEL-3035,1.0
CAMEL-10383,0.0
CAMEL-9145,1.0
HADOOP-2571,0.0
HADOOP-9782,0.0
CAMEL-730,0.0
CAMEL-1787,1.0
HADOOP-2679,1.0
CAMEL-10884,0.0
HADOOP-11343,1.0
CAMEL-11766,0.0
HADOOP-9228,1.0
CAMEL-10192,1.0
HADOOP-10982,0.0
CAMEL-14539,1.0
HADOOP-16739,0.0
HADOOP-18110,1.0
CAMEL-4818,0.0
HADOOP-7013,1.0
HADOOP-1610,0.0
CAMEL-10265,1.0
HADOOP-5623,0.0
CAMEL-21457,1.0
CAMEL-23828,0.0
CAMEL-12337,1.0
CAMEL-18729,0.0
HADOOP-1739,2.0
HADOOP-9909,0.0
CAMEL-2936,1.0
HADOOP-19153,1.0
CAMEL-20702,0.0
CAMEL-11624,1.0
CAMEL-1789,0.0
HADOOP-14377,0.0
HADOOP-18118,1.0
HADOOP-16634,0.0
CAMEL-773,0.0
CAMEL-14126,1.0
HADOOP-7165,0.0
CAMEL-8685,0.0
CAMEL-8010,1.0
HADOOP-11068,0.0
CAMEL-11311,1.0
HADOOP-19156,1.0
CAMEL-13463,0.0
CAMEL-1548,0.0
CAMEL-5329,0.0
CAMEL-22089,3.0
HADOOP-15026,0.0
HADOOP-10552,1.0
HADOOP-7942,1.0
CAMEL-7706,0.0
CAMEL-14542,0.0
HADOOP-5439,2.0
CAMEL-18251,0.0
HADOOP-7797,0.0
CAMEL-12209,1.0
CAMEL-8369,1.0
CAMEL-1201,0.0
HADOOP-2366,2.0
HADOOP-18476,0.0
HADOOP-3061,2.0
CAMEL-10483,1.0
HADOOP-17159,1.0
HADOOP-3664,0.0
CAMEL-8337,1.0
HADOOP-15853,1.0
CAMEL-19921,1.0
CAMEL-7777,1.0
CAMEL-5128,0.0
HADOOP-10659,0.0
CAMEL-3525,1.0
CAMEL-20173,1.0
CAMEL-2616,0.0
CAMEL-17999,1.0
CAMEL-8918,1.0
HADOOP-8832,0.0
HADOOP-17483,1.0
HADOOP-9264,1.0
CAMEL-17456,0.0
HADOOP-12164,0.0
CAMEL-16793,1.0
HADOOP-12484,1.0
CAMEL-14373,0.0
CAMEL-15622,1.0
CAMEL-18012,1.0
CAMEL-4718,1.0
CAMEL-19094,1.0
CAMEL-14412,0.0
CAMEL-1483,1.0
CAMEL-11750,1.0
CAMEL-7205,0.0
CAMEL-10118,1.0
CAMEL-20158,1.0
HADOOP-594,1.0
CAMEL-18374,1.0
CAMEL-2649,1.0
CAMEL-17750,0.0
CAMEL-23624,0.0
CAMEL-9360,1.0
HADOOP-4139,0.0
CAMEL-11385,0.0
CAMEL-10628,1.0
CAMEL-11274,1.0
CAMEL-15503,1.0
CAMEL-23097,0.0
HADOOP-14600,1.0
CAMEL-2159,0.0
HADOOP-10147,1.0
CAMEL-16051,0.0
CAMEL-22774,1.0
CAMEL-23088,1.0
HADOOP-7265,0.0
HADOOP-5401,1.0
HADOOP-16299,1.0
HADOOP-442,2.0
CAMEL-15076,1.0
CAMEL-12506,1.0
HADOOP-11418,4.0
CAMEL-8667,1.0
CAMEL-20187,0.0
CAMEL-2065,1.0
HADOOP-3493,1.0
CAMEL-1057,1.0
CAMEL-20818,1.0
CAMEL-22403,1.0
CAMEL-16699,0.0
CAMEL-10911,1.0
CAMEL-12820,1.0
CAMEL-17687,0.0
HADOOP-14450,1.0
CAMEL-21509,1.0
CAMEL-21458,0.0
CAMEL-21274,1.0
CAMEL-2086,0.0
HADOOP-2639,2.0
CAMEL-12619,1.0
CAMEL-5130,0.0
CAMEL-129,0.0
HADOOP-5801,0.0
CAMEL-1760,1.0
CAMEL-15623,1.0
HADOOP-10547,2.0
CAMEL-798,0.0
HADOOP-18927,1.0
HADOOP-2972,1.0
HADOOP-7644,0.0
HADOOP-15391,0.0
CAMEL-11886,2.0
CAMEL-10350,1.0
CAMEL-93,0.0
CAMEL-16182,0.0
HADOOP-13838,0.0
CAMEL-7289,1.0
CAMEL-5771,1.0
CAMEL-9453,0.0
CAMEL-19700,0.0
HADOOP-3610,1.0
CAMEL-3208,0.0
CAMEL-23552,0.0
CAMEL-24326,1.0
CAMEL-2369,0.0
CAMEL-20022,0.0
CAMEL-3497,1.0
CAMEL-19944,0.0
HADOOP-6311,1.0
CAMEL-9764,0.0
CAMEL-14107,1.0
CAMEL-13299,0.0
CAMEL-12504,1.0
HADOOP-5636,1.0
HADOOP-8121,0.0
CAMEL-19658,0.0
CAMEL-15843,0.0
CAMEL-14447,1.0
CAMEL-20513,0.0
CAMEL-11941,1.0
CAMEL-22004,0.0
CAMEL-22456,1.0
CAMEL-4720,0.0
HADOOP-3597,1.0
HADOOP-1090,0.0
CAMEL-23750,0.0
CAMEL-20309,0.0
HADOOP-18573,0.0
HADOOP-8495,0.0
CAMEL-15923,1.0
CAMEL-15808,0.0
CAMEL-12628,1.0
CAMEL-21429,1.0
CAMEL-11936,1.0
CAMEL-23959,1.0
HADOOP-13681,1.0
CAMEL-13757,0.0
CAMEL-7208,0.0
CAMEL-756,1.0
CAMEL-10151,1.0
CAMEL-7477,1.0
CAMEL-18268,1.0
CAMEL-21052,1.0
CAMEL-22011,1.0
CAMEL-8658,0.0
HADOOP-6502,2.0
CAMEL-1533,1.0
CAMEL-8363,0.0
HADOOP-11160,0.0
CAMEL-22334,1.0
CAMEL-14419,0.0
HADOOP-11064,2.0
HADOOP-3638,1.0
HADOOP-15212,0.0
HADOOP-4944,0.0
HADOOP-8747,0.0
CAMEL-22136,1.0
CAMEL-13388,1.0
CAMEL-15396,0.0
HADOOP-4359,0.0
HADOOP-5015,1.0
HADOOP-3733,3.0
CAMEL-23948,1.0
CAMEL-2377,1.0
HADOOP-22,0.0
CAMEL-21026,0.0
CAMEL-12329,1.0
HADOOP-12711,1.0
HADOOP-6984,1.0
CAMEL-3342,0.0
CAMEL-19577,1.0
HADOOP-306,1.0
CAMEL-162,0.0
HADOOP-14024,1.0
CAMEL-21585,1.0
HADOOP-17331,1.0
HADOOP-5754,0.0
HADOOP-13037,1.0
CAMEL-9126,1.0
CAMEL-21175,1.0
CAMEL-5621,0.0
CAMEL-8100,1.0
HADOOP-14939,0.0
CAMEL-696,0.0
CAMEL-8325,1.0
CAMEL-3879,1.0
HADOOP-14056,1.0
HADOOP-18368,1.0
HADOOP-19315,1.0
CAMEL-22869,1.0
HADOOP-6912,0.0
CAMEL-7827,1.0
CAMEL-23485,1.0
HADOOP-7184,0.0
CAMEL-21277,0.0
HADOOP-11291,0.0
HADOOP-18941,0.0
HADOOP-14817,0.0
CAMEL-22371,0.0
CAMEL-24347,0.0
CAMEL-2115,0.0
CAMEL-14147,0.0
HADOOP-8784,0.0
HADOOP-16580,0.0
HADOOP-13930,1.0
HADOOP-16323,1.0
HADOOP-10348,0.0
HADOOP-10115,0.0
CAMEL-6184,0.0
CAMEL-19408,0.0
CAMEL-20604,1.0
CAMEL-8554,1.0
CAMEL-4338,0.0
HADOOP-13773,1.0
CAMEL-1928,1.0
CAMEL-13424,1.0
CAMEL-18848,0.0
CAMEL-6480,0.0
CAMEL-441,0.0
HADOOP-19310,1.0
HADOOP-13716,1.0
CAMEL-14815,0.0
CAMEL-7112,1.0
CAMEL-22285,1.0
HADOOP-12059,0.0
CAMEL-16156,1.0
CAMEL-23467,0.0
CAMEL-12198,0.0
HADOOP-14617,0.0
CAMEL-2883,0.0
HADOOP-17602,0.0
CAMEL-17812,0.0
CAMEL-10868,0.0
CAMEL-10653,1.0
HADOOP-10444,1.0
CAMEL-11622,0.0
CAMEL-4423,0.0
CAMEL-16632,1.0
CAMEL-15283,1.0
HADOOP-18921,1.0
CAMEL-12842,1.0
HADOOP-3513,0.0
CAMEL-10036,1.0
CAMEL-16042,1.0
CAMEL-556,1.0
CAMEL-22094,0.0
CAMEL-3817,0.0
CAMEL-14174,1.0
CAMEL-4383,1.0
HADOOP-17868,1.0
CAMEL-5773,1.0
CAMEL-2632,0.0
CAMEL-16242,1.0
HADOOP-4818,1.0
CAMEL-8286,1.0
CAMEL-11252,2.0
CAMEL-17326,0.0
CAMEL-3074,1.0
CAMEL-16576,0.0
CAMEL-12236,0.0
CAMEL-18506,1.0
CAMEL-684,0.0
HADOOP-13396,0.0
HADOOP-2373,0.0
CAMEL-19216,0.0
CAMEL-8730,1.0
CAMEL-12177,1.0
HADOOP-16037,0.0
CAMEL-18075,0.0
CAMEL-19342,1.0
CAMEL-16396,0.0
HADOOP-5264,0.0
HADOOP-15287,0.0
HADOOP-17739,0.0
HADOOP-8211,1.0
CAMEL-4497,0.0
CAMEL-16929,1.0
CAMEL-16364,0.0
HADOOP-4924,0.0
HADOOP-2758,0.0
CAMEL-12498,0.0
CAMEL-13350,0.0
HADOOP-18709,1.0
CAMEL-5763,0.0
HADOOP-10177,0.0
HADOOP-10164,0.0
CAMEL-2223,1.0
HADOOP-17812,1.0
CAMEL-21791,1.0
CAMEL-3784,0.0
CAMEL-1878,0.0
HADOOP-7019,1.0
CAMEL-18116,1.0
CAMEL-1513,1.0
CAMEL-2808,1.0
CAMEL-18553,0.0
CAMEL-2951,1.0
CAMEL-7802,1.0
HADOOP-18214,1.0
CAMEL-15553,1.0
CAMEL-14867,1.0
CAMEL-24176,1.0
CAMEL-18218,1.0
CAMEL-9921,3.0
HADOOP-2690,1.0
HADOOP-9429,0.0
CAMEL-23963,1.0
CAMEL-20645,1.0
HADOOP-2434,1.0
HADOOP-19335,1.0
CAMEL-4412,0.0
HADOOP-9121,1.0
HADOOP-16196,0.0
CAMEL-23105,0.0
HADOOP-12378,1.0
HADOOP-12050,1.0
CAMEL-22664,0.0
CAMEL-15560,0.0
CAMEL-9740,0.0
HADOOP-7789,0.0
CAMEL-23927,1.0
HADOOP-18193,2.0
CAMEL-23614,1.0
CAMEL-12424,1.0
HADOOP-14197,0.0
CAMEL-2924,1.0
CAMEL-9130,0.0
CAMEL-22014,0.0
CAMEL-16679,0.0
CAMEL-14816,0.0
HADOOP-11077,0.0
CAMEL-17859,1.0
HADOOP-8489,0.0
CAMEL-22771,1.0
CAMEL-24087,1.0
HADOOP-965,0.0
HADOOP-2165,1.0
CAMEL-524,1.0
HADOOP-10338,1.0
CAMEL-23285,1.0
CAMEL-6956,1.0
HADOOP-262,0.0
CAMEL-12228,1.0
CAMEL-146,0.0
HADOOP-8873,1.0
CAMEL-22668,0.0
CAMEL-15276,1.0
HADOOP-4276,1.0
CAMEL-9464,1.0
HADOOP-6869,1.0
CAMEL-8178,1.0
HADOOP-17192,1.0
CAMEL-21019,0.0
CAMEL-9032,0.0
CAMEL-10583,1.0
CAMEL-7673,1.0
CAMEL-23991,1.0
HADOOP-16681,0.0
HADOOP-7563,0.0
HADOOP-13803,0.0
CAMEL-7977,0.0
CAMEL-2876,0.0
HADOOP-14241,0.0
CAMEL-24100,1.0
HADOOP-516,0.0
HADOOP-9219,1.0
CAMEL-18353,0.0
HADOOP-1263,1.0
HADOOP-2974,1.0
CAMEL-11312,1.0
CAMEL-10426,1.0
HADOOP-2789,1.0
CAMEL-13700,1.0
CAMEL-14961,0.0
HADOOP-8652,0.0
HADOOP-14448,1.0
CAMEL-9347,0.0
CAMEL-11327,0.0
CAMEL-1537,1.0
HADOOP-16900,2.0
CAMEL-2535,0.0
HADOOP-5457,1.0
CAMEL-9765,0.0
CAMEL-11363,1.0
CAMEL-14205,0.0
CAMEL-15440,0.0
CAMEL-342,0.0
CAMEL-12421,1.0
CAMEL-7933,1.0
CAMEL-187,0.0
CAMEL-4731,1.0
CAMEL-11264,1.0
CAMEL-13517,0.0
HADOOP-1636,1.0
CAMEL-17804,0.0
HADOOP-14268,0.0
CAMEL-1283,0.0
CAMEL-14719,0.0
HADOOP-17799,1.0
HADOOP-13812,0.0
CAMEL-20846,0.0
HADOOP-3256,0.0
HADOOP-9305,0.0
HADOOP-8814,0.0
HADOOP-19556,0.0
CAMEL-16590,1.0
CAMEL-15993,0.0
HADOOP-11328,1.0
CAMEL-19206,0.0
CAMEL-20881,0.0
CAMEL-2365,0.0
CAMEL-19245,0.0
HADOOP-6323,1.0
CAMEL-20921,1.0
HADOOP-9322,1.0
CAMEL-22953,0.0
CAMEL-15324,0.0
CAMEL-21954,0.0
HADOOP-1136,0.0
HADOOP-1455,1.0
CAMEL-15473,1.0
HADOOP-3434,2.0
HADOOP-18125,0.0
HADOOP-18917,1.0
HADOOP-578,1.0
CAMEL-11491,1.0
CAMEL-1862,1.0
CAMEL-19144,0.0
HADOOP-1890,0.0
HADOOP-270,0.0
HADOOP-18696,1.0
CAMEL-22289,1.0
CAMEL-10916,2.0
CAMEL-17762,0.0
CAMEL-13802,0.0
HADOOP-4859,1.0
CAMEL-2619,0.0
CAMEL-22944,0.0
HADOOP-12493,1.0
CAMEL-5573,0.0
CAMEL-21869,1.0
HADOOP-7683,0.0
CAMEL-5716,1.0
CAMEL-11260,0.0
CAMEL-10710,0.0
CAMEL-364,0.0
CAMEL-5275,1.0
CAMEL-13304,1.0
CAMEL-7976,0.0
CAMEL-4372,0.0
HADOOP-17518,1.0
CAMEL-16865,1.0
HADOOP-13497,0.0
CAMEL-24073,1.0
CAMEL-915,0.0
HADOOP-410,0.0
CAMEL-19771,0.0
CAMEL-9278,1.0
HADOOP-15263,0.0
CAMEL-18089,1.0
CAMEL-4930,0.0
CAMEL-3410,1.0
CAMEL-969,1.0
HADOOP-12452,0.0
CAMEL-24191,0.0
CAMEL-6021,1.0
HADOOP-12954,0.0
CAMEL-24090,1.0
HADOOP-13148,0.0
CAMEL-21188,1.0
HADOOP-4329,0.0
CAMEL-18638,0.0
HADOOP-7897,0.0
CAMEL-16918,1.0
CAMEL-2464,1.0
HADOOP-10277,1.0
HADOOP-3667,0.0
CAMEL-20208,0.0
HADOOP-17208,0.0
HADOOP-12808,0.0
CAMEL-16658,1.0
CAMEL-11866,1.0
CAMEL-8801,1.0
HADOOP-3486,0.0
HADOOP-19382,1.0
CAMEL-17200,1.0
CAMEL-18921,0.0
CAMEL-10158,0.0
HADOOP-280,0.0
HADOOP-10500,0.0
CAMEL-575,1.0
CAMEL-18635,1.0
HADOOP-11045,0.0
CAMEL-14016,0.0
CAMEL-23415,0.0
CAMEL-19735,0.0
CAMEL-18415,1.0
CAMEL-16353,0.0
CAMEL-3587,1.0
CAMEL-20260,0.0
HADOOP-5331,1.0
CAMEL-433,1.0
HADOOP-1157,1.0
CAMEL-9858,1.0
CAMEL-4551,1.0
CAMEL-13879,0.0
HADOOP-6701,0.0
HADOOP-8450,2.0
CAMEL-22608,1.0
CAMEL-5887,1.0
CAMEL-9456,0.0
CAMEL-9216,1.0
CAMEL-18769,1.0
CAMEL-21360,0.0
CAMEL-6564,0.0
CAMEL-13710,1.0
HADOOP-7009,0.0
HADOOP-1848,0.0
CAMEL-23047,0.0
CAMEL-1969,0.0
CAMEL-14246,0.0
HADOOP-2683,2.0
CAMEL-11636,2.0
CAMEL-18556,0.0
HADOOP-8051,0.0
CAMEL-19794,1.0
CAMEL-727,1.0
CAMEL-3499,1.0
CAMEL-1720,0.0
CAMEL-22179,1.0
CAMEL-8493,1.0
CAMEL-4173,0.0
CAMEL-5207,1.0
CAMEL-21137,0.0
HADOOP-13621,0.0
CAMEL-18300,1.0
CAMEL-17935,0.0
CAMEL-18778,0.0
CAMEL-13859,0.0
CAMEL-8736,3.0
CAMEL-850,1.0
CAMEL-10636,1.0
CAMEL-20581,
HADOOP-14867,1.0
CAMEL-7100,2.0
CAMEL-18677,0.0
CAMEL-4105,1.0
CAMEL-19244,1.0
CAMEL-1209,1.0
CAMEL-12049,0.0
CAMEL-18683,0.0
HADOOP-4893,1.0
CAMEL-8833,1.0
CAMEL-15631,0.0
HADOOP-13828,0.0
CAMEL-3760,0.0
CAMEL-1937,1.0
CAMEL-3390,1.0
CAMEL-9879,0.0
HADOOP-4423,1.0
CAMEL-19866,0.0
HADOOP-17020,1.0
HADOOP-3402,0.0
HADOOP-7499,0.0
CAMEL-8545,1.0
CAMEL-15233,0.0
CAMEL-19844,0.0
CAMEL-10387,1.0
HADOOP-7208,1.0
CAMEL-21578,1.0
CAMEL-22414,1.0
CAMEL-14654,0.0
CAMEL-3110,1.0
CAMEL-12882,0.0
CAMEL-15590,1.0
CAMEL-5642,0.0
CAMEL-20097,1.0
CAMEL-16806,1.0
CAMEL-625,0.0
CAMEL-6610,1.0
HADOOP-16500,0.0
HADOOP-758,1.0
CAMEL-2625,1.0
HADOOP-17727,0.0
CAMEL-14806,1.0
CAMEL-20763,0.0
CAMEL-1784,0.0
HADOOP-1985,3.0
CAMEL-6166,0.0
CAMEL-18001,1.0
CAMEL-13294,0.0
HADOOP-5486,0.0
HADOOP-19778,0.0
CAMEL-3337,1.0
CAMEL-12057,1.0
HADOOP-10804,2.0
CAMEL-13385,0.0
CAMEL-12526,0.0
HADOOP-4546,1.0
CAMEL-14404,0.0
CAMEL-13451,0.0
CAMEL-6290,1.0
HADOOP-5961,0.0
CAMEL-22725,0.0
HADOOP-16344,1.0
HADOOP-11588,1.0
CAMEL-23452,1.0
HADOOP-6913,0.0
CAMEL-23325,0.0
CAMEL-253,0.0
HADOOP-7002,1.0
HADOOP-17153,0.0
HADOOP-18840,1.0
CAMEL-6178,1.0
CAMEL-20153,0.0
CAMEL-12024,0.0
CAMEL-1128,0.0
CAMEL-12274,1.0
CAMEL-20393,1.0
CAMEL-7351,1.0
CAMEL-4508,3.0
CAMEL-11898,1.0
HADOOP-4315,0.0
CAMEL-18319,0.0
CAMEL-23958,1.0
CAMEL-1327,1.0
CAMEL-10576,0.0
CAMEL-21588,1.0
CAMEL-9271,1.0
CAMEL-11663,1.0
CAMEL-10542,1.0
CAMEL-8225,0.0
HADOOP-1717,0.0
HADOOP-11271,0.0
CAMEL-8264,1.0
HADOOP-16630,0.0
CAMEL-546,1.0
HADOOP-17956,0.0
HADOOP-9789,0.0
CAMEL-18450,0.0
CAMEL-424,1.0
CAMEL-3486,0.0
CAMEL-18584,0.0
CAMEL-5939,1.0
CAMEL-3919,0.0
CAMEL-13659,0.0
CAMEL-9632,1.0
HADOOP-13030,0.0
CAMEL-4445,0.0
CAMEL-18117,0.0
CAMEL-23046,1.0
CAMEL-17096,0.0
CAMEL-4280,0.0
HADOOP-19090,1.0
HADOOP-1164,0.0
CAMEL-12164,0.0
CAMEL-4042,0.0
HADOOP-3560,0.0
HADOOP-10968,0.0
CAMEL-23115,1.0
CAMEL-14112,1.0
CAMEL-13965,0.0
HADOOP-17235,0.0
HADOOP-7179,1.0
CAMEL-10741,1.0
CAMEL-1445,0.0
CAMEL-10298,1.0
HADOOP-9734,1.0
CAMEL-11059,3.0
CAMEL-5302,1.0
HADOOP-17930,0.0
CAMEL-10065,0.0
HADOOP-9822,0.0
CAMEL-4583,0.0
CAMEL-5363,0.0
CAMEL-4492,1.0
HADOOP-5459,1.0
CAMEL-21374,1.0
CAMEL-1345,0.0
HADOOP-11954,1.0
CAMEL-20065,0.0
CAMEL-14064,0.0
HADOOP-17703,1.0
CAMEL-13546,1.0
HADOOP-16179,1.0
HADOOP-18595,2.0
CAMEL-5202,0.0
HADOOP-9982,1.0
HADOOP-13019,0.0
CAMEL-11890,1.0
CAMEL-10712,1.0
CAMEL-249,2.0
CAMEL-10427,1.0
CAMEL-14007,1.0
CAMEL-2125,1.0
HADOOP-11372,0.0
CAMEL-12186,0.0
CAMEL-24171,1.0
CAMEL-21595,0.0
HADOOP-15299,0.0
HADOOP-12173,1.0
HADOOP-4121,0.0
HADOOP-3226,1.0
CAMEL-3628,4.0
CAMEL-1029,0.0
CAMEL-6179,1.0
CAMEL-11572,1.0
HADOOP-13155,0.0
CAMEL-10263,1.0
CAMEL-6190,1.0
CAMEL-5907,1.0
CAMEL-6408,1.0
CAMEL-2425,1.0
HADOOP-14092,1.0
HADOOP-6139,1.0
HADOOP-419,2.0
CAMEL-8782,0.0
CAMEL-5796,1.0
HADOOP-17510,1.0
HADOOP-8284,0.0
CAMEL-20469,0.0
CAMEL-8176,0.0
HADOOP-8522,1.0
CAMEL-3900,1.0
HADOOP-1504,1.0
CAMEL-8254,1.0
HADOOP-16701,0.0
HADOOP-1582,1.0
CAMEL-23354,0.0
CAMEL-12769,0.0
CAMEL-6652,1.0
HADOOP-10296,4.0
CAMEL-5784,1.0
CAMEL-5512,0.0
CAMEL-24128,1.0
CAMEL-6210,0.0
CAMEL-19009,1.0
CAMEL-18009,0.0
HADOOP-3630,1.0
HADOOP-16971,1.0
CAMEL-5990,1.0
CAMEL-17189,1.0
CAMEL-22585,1.0
CAMEL-10944,0.0
CAMEL-5381,1.0
HADOOP-6631,1.0
HADOOP-5592,1.0
CAMEL-17082,0.0
CAMEL-19563,1.0
CAMEL-14520,0.0
HADOOP-9218,0.0
CAMEL-19695,0.0
CAMEL-22806,0.0
CAMEL-3964,1.0
CAMEL-9255,1.0
CAMEL-13496,0.0
CAMEL-21625,0.0
CAMEL-12079,1.0
CAMEL-18113,0.0
CAMEL-18355,1.0
CAMEL-9917,0.0
CAMEL-10372,0.0
HADOOP-3836,1.0
CAMEL-6554,0.0
CAMEL-9242,1.0
CAMEL-5648,1.0
CAMEL-10209,1.0
CAMEL-24084,0.0
CAMEL-16023,0.0
CAMEL-10009,0.0
HADOOP-7282,0.0
CAMEL-17261,1.0
CAMEL-16185,1.0
CAMEL-16697,0.0
CAMEL-14585,1.0
HADOOP-10549,0.0
HADOOP-19717,0.0
HADOOP-1400,1.0
HADOOP-2313,1.0
CAMEL-17585,1.0
CAMEL-9648,1.0
CAMEL-10871,1.0
CAMEL-573,1.0
HADOOP-6056,2.0
CAMEL-800,1.0
HADOOP-12847,0.0
CAMEL-3209,1.0
CAMEL-3812,1.0
CAMEL-15304,1.0
CAMEL-2395,0.0
CAMEL-24161,1.0
CAMEL-8483,1.0
HADOOP-6747,3.0
HADOOP-7256,1.0
HADOOP-7454,2.0
HADOOP-17374,0.0
CAMEL-17065,0.0
CAMEL-7019,0.0
CAMEL-15474,0.0
CAMEL-19286,0.0
HADOOP-17115,1.0
CAMEL-19741,1.0
CAMEL-9818,1.0
CAMEL-22509,0.0
HADOOP-6138,1.0
CAMEL-9947,0.0
CAMEL-24264,1.0
CAMEL-14833,0.0
CAMEL-18869,1.0
CAMEL-10027,0.0
HADOOP-11485,1.0
CAMEL-2283,0.0
CAMEL-4060,1.0
HADOOP-15060,0.0
HADOOP-13336,1.0
CAMEL-7478,1.0
HADOOP-7870,1.0
CAMEL-9316,1.0
CAMEL-14395,1.0
CAMEL-17301,1.0
CAMEL-2658,0.0
CAMEL-7642,0.0
CAMEL-24054,1.0
CAMEL-19524,1.0
CAMEL-1088,0.0
HADOOP-3310,1.0
CAMEL-23686,1.0
CAMEL-12554,3.0
CAMEL-22829,0.0
CAMEL-7792,1.0
HADOOP-4545,0.0
HADOOP-9773,0.0
HADOOP-10167,1.0
HADOOP-10824,0.0
HADOOP-8417,1.0
HADOOP-19013,0.0
HADOOP-19055,0.0
HADOOP-17116,0.0
CAMEL-13919,1.0
CAMEL-4606,0.0
CAMEL-5492,1.0
CAMEL-5307,1.0
CAMEL-9936,1.0
HADOOP-15611,1.0
CAMEL-15454,0.0
CAMEL-4972,0.0
CAMEL-14132,0.0
HADOOP-16753,1.0
CAMEL-1114,0.0
CAMEL-3584,1.0
HADOOP-14743,0.0
HADOOP-15282,0.0
CAMEL-14789,1.0
CAMEL-5609,0.0
CAMEL-21492,0.0
CAMEL-21826,0.0
HADOOP-10314,1.0
HADOOP-11489,0.0
CAMEL-3444,0.0
HADOOP-6382,0.0
CAMEL-12597,1.0
CAMEL-11099,1.0
CAMEL-21491,0.0
CAMEL-15969,0.0
CAMEL-7626,0.0
CAMEL-7574,1.0
HADOOP-14266,1.0
CAMEL-5330,1.0
CAMEL-13592,1.0
HADOOP-9657,1.0
CAMEL-84,2.0
HADOOP-10591,1.0
CAMEL-5233,0.0
CAMEL-2736,1.0
CAMEL-4827,0.0
CAMEL-10782,1.0
HADOOP-10456,1.0
HADOOP-586,0.0
HADOOP-909,1.0
CAMEL-4247,1.0
CAMEL-7932,0.0
CAMEL-12914,1.0
HADOOP-132,0.0
HADOOP-4194,1.0
CAMEL-2810,0.0
CAMEL-19963,0.0
HADOOP-522,1.0
HADOOP-8975,0.0
CAMEL-15706,0.0
CAMEL-18889,0.0
CAMEL-3560,0.0
HADOOP-11110,1.0
CAMEL-23380,1.0
CAMEL-7474,1.0
CAMEL-17209,0.0
CAMEL-8517,0.0
CAMEL-888,1.0
CAMEL-17380,0.0
CAMEL-14143,1.0
CAMEL-531,0.0
CAMEL-22210,0.0
HADOOP-19709,1.0
CAMEL-23584,0.0
CAMEL-21507,1.0
HADOOP-4517,1.0
CAMEL-24244,0.0
HADOOP-6520,1.0
CAMEL-412,1.0
CAMEL-23031,0.0
CAMEL-7077,
CAMEL-20215,1.0
CAMEL-9148,1.0
CAMEL-17648,1.0
CAMEL-6608,1.0
CAMEL-17865,0.0
HADOOP-3861,0.0
CAMEL-24101,1.0
CAMEL-11333,1.0
CAMEL-846,0.0
CAMEL-6310,0.0
HADOOP-3546,0.0
CAMEL-2506,0.0
HADOOP-18222,1.0
HADOOP-5306,1.0
CAMEL-3329,1.0
CAMEL-18057,1.0
CAMEL-13278,0.0
CAMEL-7521,1.0
HADOOP-10583,0.0
CAMEL-20413,1.0
HADOOP-12020,1.0
CAMEL-5042,0.0
HADOOP-18392,3.0
CAMEL-19749,1.0
CAMEL-19369,1.0
CAMEL-24358,1.0
CAMEL-10018,1.0
CAMEL-19236,0.0
CAMEL-13305,1.0
HADOOP-482,1.0
CAMEL-5832,1.0
CAMEL-1105,1.0
CAMEL-18739,1.0
HADOOP-16727,0.0
HADOOP-6096,0.0
HADOOP-18939,1.0
CAMEL-2750,1.0
CAMEL-17053,1.0
CAMEL-3527,0.0
HADOOP-7665,1.0
HADOOP-19257,1.0
CAMEL-9635,1.0
CAMEL-21605,1.0
CAMEL-10407,0.0
HADOOP-3991,1.0
CAMEL-17051,1.0
HADOOP-9163,1.0
CAMEL-19117,0.0
HADOOP-5561,0.0
CAMEL-21211,1.0
HADOOP-7615,0.0
CAMEL-8967,1.0
CAMEL-15876,0.0
CAMEL-17556,0.0
HADOOP-12380,1.0
CAMEL-16869,0.0
HADOOP-3934,1.0
CAMEL-12303,1.0
HADOOP-6612,1.0
HADOOP-7854,0.0
CAMEL-4771,1.0
CAMEL-18126,0.0
HADOOP-8389,0.0
CAMEL-11269,0.0
CAMEL-24055,0.0
CAMEL-3269,1.0
CAMEL-5011,1.0
CAMEL-18373,1.0
CAMEL-10062,1.0
CAMEL-14593,0.0
CAMEL-10945,1.0
CAMEL-7074,1.0
CAMEL-15986,0.0
CAMEL-21067,0.0
HADOOP-4393,0.0
CAMEL-18059,1.0
HADOOP-4464,0.0
CAMEL-8112,1.0
HADOOP-14783,1.0
HADOOP-14872,1.0
HADOOP-15813,1.0
HADOOP-2100,0.0
HADOOP-18035,1.0
CAMEL-1927,1.0
HADOOP-1584,1.0
CAMEL-877,2.0
CAMEL-8267,1.0
HADOOP-8466,0.0
CAMEL-10832,0.0
HADOOP-1722,2.0
HADOOP-9131,0.0
CAMEL-11074,0.0
CAMEL-16236,1.0
CAMEL-5807,1.0
CAMEL-9362,0.0
CAMEL-6132,1.0
HADOOP-13465,0.0
CAMEL-13841,0.0
CAMEL-20530,1.0
CAMEL-18870,0.0
CAMEL-23912,1.0
HADOOP-15420,1.0
HADOOP-3908,0.0
CAMEL-5117,0.0
HADOOP-15015,2.0
HADOOP-9451,0.0
CAMEL-5793,1.0
CAMEL-8321,1.0
HADOOP-10542,1.0
CAMEL-14999,1.0
HADOOP-14908,3.0
CAMEL-11489,1.0
CAMEL-13638,0.0
HADOOP-394,0.0
CAMEL-18639,0.0
CAMEL-18916,1.0
CAMEL-952,1.0
CAMEL-117,0.0
CAMEL-7171,1.0
CAMEL-20559,1.0
CAMEL-22748,1.0
CAMEL-7553,0.0
CAMEL-14133,1.0
HADOOP-16866,1.0
CAMEL-9956,0.0
CAMEL-5268,1.0
CAMEL-11139,0.0
HADOOP-8545,1.0
CAMEL-7592,0.0
CAMEL-7730,1.0
CAMEL-16103,1.0
CAMEL-17908,1.0
HADOOP-3204,1.0
HADOOP-6880,0.0
CAMEL-10286,1.0
CAMEL-23949,1.0
CAMEL-15322,0.0
CAMEL-4525,0.0
CAMEL-3607,1.0
HADOOP-3108,2.0
HADOOP-2192,1.0
HADOOP-10039,1.0
CAMEL-16971,1.0
HADOOP-16599,0.0
HADOOP-1304,1.0
HADOOP-15917,4.0
CAMEL-4672,0.0
CAMEL-6995,0.0
CAMEL-14307,0.0
CAMEL-8234,0.0
CAMEL-8375,1.0
CAMEL-14513,1.0
HADOOP-18801,1.0
CAMEL-15089,0.0
CAMEL-12824,0.0
CAMEL-22467,1.0
HADOOP-13095,1.0
HADOOP-11529,0.0
CAMEL-19924,0.0
CAMEL-5735,1.0
CAMEL-9616,1.0
CAMEL-1828,0.0
CAMEL-9885,0.0
HADOOP-12366,1.0
CAMEL-14734,0.0
CAMEL-8154,1.0
CAMEL-7007,0.0
CAMEL-20235,0.0
CAMEL-5715,0.0
CAMEL-15796,0.0
CAMEL-12576,0.0
CAMEL-15240,0.0
CAMEL-14785,0.0
CAMEL-7840,0.0
CAMEL-22381,1.0
HADOOP-9118,0.0
HADOOP-18168,1.0
CAMEL-4085,0.0
HADOOP-19044,1.0
CAMEL-12531,0.0
CAMEL-9544,1.0
CAMEL-4925,1.0
CAMEL-4404,0.0
CAMEL-23236,1.0
CAMEL-17622,1.0
HADOOP-12903,0.0
HADOOP-19515,0.0
HADOOP-12157,1.0
HADOOP-12948,1.0
CAMEL-20549,0.0
HADOOP-11455,0.0
CAMEL-8959,3.0
CAMEL-474,0.0
CAMEL-15275,1.0
CAMEL-10679,1.0
CAMEL-14356,1.0
CAMEL-1140,0.0
CAMEL-20050,0.0
HADOOP-15850,1.0
CAMEL-16678,0.0
HADOOP-3488,1.0
CAMEL-1671,1.0
CAMEL-10178,1.0
CAMEL-20629,1.0
CAMEL-5070,1.0
CAMEL-2153,1.0
CAMEL-22525,1.0
CAMEL-11896,1.0
HADOOP-10818,0.0
CAMEL-20147,0.0
CAMEL-12278,0.0
HADOOP-9863,0.0
CAMEL-7858,1.0
HADOOP-51,2.0
CAMEL-19885,1.0
CAMEL-11377,0.0
CAMEL-13371,0.0
CAMEL-14037,1.0
HADOOP-14202,0.0
CAMEL-6453,0.0
HADOOP-15266,0.0
CAMEL-18478,0.0
CAMEL-10096,0.0
HADOOP-10781,1.0
CAMEL-18292,0.0
CAMEL-12584,1.0
CAMEL-1243,0.0
HADOOP-19905,1.0
HADOOP-9611,1.0
HADOOP-11347,1.0
CAMEL-13593,1.0
HADOOP-5607,1.0
CAMEL-14253,1.0
HADOOP-10748,0.0
CAMEL-9668,0.0
CAMEL-1903,0.0
CAMEL-3412,2.0
CAMEL-22556,0.0
CAMEL-4095,1.0
CAMEL-16876,0.0
CAMEL-24038,1.0
HADOOP-13840,0.0
CAMEL-17097,1.0
CAMEL-3658,0.0
CAMEL-16217,0.0
HADOOP-2376,0.0
HADOOP-11370,2.0
CAMEL-16183,0.0
HADOOP-7965,0.0
HADOOP-14666,0.0
HADOOP-13392,1.0
HADOOP-14747,1.0
HADOOP-692,0.0
CAMEL-5049,0.0
HADOOP-10382,0.0
CAMEL-1965,0.0
CAMEL-10454,1.0
CAMEL-20861,0.0
CAMEL-4167,1.0
CAMEL-7842,1.0
HADOOP-1207,1.0
HADOOP-7630,1.0
CAMEL-8141,1.0
CAMEL-2534,0.0
CAMEL-4693,1.0
HADOOP-2271,3.0
CAMEL-16256,0.0
CAMEL-4290,0.0
CAMEL-5539,1.0
CAMEL-9899,0.0
CAMEL-20011,1.0
CAMEL-20547,1.0
CAMEL-22263,0.0
CAMEL-17748,1.0
CAMEL-10822,1.0
CAMEL-22016,0.0
CAMEL-8861,1.0
HADOOP-17191,1.0
CAMEL-10617,0.0
CAMEL-13104,1.0
CAMEL-11641,0.0
HADOOP-3564,1.0
CAMEL-3864,1.0
CAMEL-17281,1.0
CAMEL-14422,1.0
CAMEL-21676,1.0
HADOOP-17945,0.0
CAMEL-3024,0.0
HADOOP-2272,1.0
HADOOP-259,0.0
HADOOP-4857,1.0
HADOOP-12465,1.0
HADOOP-3062,1.0
CAMEL-9990,1.0
HADOOP-3491,1.0
CAMEL-2401,0.0
HADOOP-4399,1.0
HADOOP-17693,0.0
HADOOP-17858,0.0
HADOOP-14538,0.0
CAMEL-21230,1.0
CAMEL-6941,1.0
CAMEL-5888,1.0
HADOOP-15143,0.0
HADOOP-14598,1.0
CAMEL-10418,0.0
CAMEL-11348,1.0
CAMEL-20917,0.0
CAMEL-7446,1.0
CAMEL-8031,0.0
CAMEL-23756,1.0
HADOOP-5947,1.0
HADOOP-11515,3.0
CAMEL-17640,1.0
CAMEL-9938,1.0
HADOOP-4498,1.0
HADOOP-11282,0.0
CAMEL-2107,0.0
CAMEL-5834,1.0
CAMEL-13642,0.0
CAMEL-4036,0.0
HADOOP-15334,0.0
CAMEL-12691,1.0
HADOOP-16711,2.0
CAMEL-12145,0.0
HADOOP-7607,0.0
HADOOP-4259,1.0
CAMEL-1351,0.0
CAMEL-23820,0.0
HADOOP-19785,1.0
HADOOP-1076,1.0
HADOOP-8431,1.0
CAMEL-14605,0.0
HADOOP-16958,1.0
CAMEL-3501,1.0
HADOOP-7666,0.0
CAMEL-1563,1.0
CAMEL-2355,0.0
CAMEL-20836,0.0
CAMEL-2453,0.0
HADOOP-7971,2.0
HADOOP-544,1.0
HADOOP-10440,1.0
HADOOP-16331,1.0
HADOOP-7801,1.0
HADOOP-11520,1.0
CAMEL-4711,0.0
CAMEL-14151,0.0
HADOOP-11008,0.0
HADOOP-10239,0.0
HADOOP-10140,1.0
CAMEL-204,0.0
CAMEL-16344,0.0
CAMEL-4774,0.0
CAMEL-8012,0.0
HADOOP-4552,0.0
CAMEL-10749,1.0
HADOOP-5213,0.0
HADOOP-2658,1.0
CAMEL-11820,1.0
HADOOP-18679,1.0
CAMEL-13279,1.0
CAMEL-14535,1.0
CAMEL-10804,1.0
CAMEL-9745,0.0
CAMEL-9166,1.0
HADOOP-2725,1.0
CAMEL-17791,0.0
CAMEL-4886,0.0
HADOOP-11605,0.0
HADOOP-10337,0.0
CAMEL-14055,0.0
CAMEL-11002,0.0
CAMEL-13311,0.0
CAMEL-8597,1.0
HADOOP-1345,0.0
CAMEL-619,0.0
HADOOP-6543,
HADOOP-4292,1.0
CAMEL-17651,
CAMEL-16915,0.0
HADOOP-19017,0.0
CAMEL-20585,0.0
CAMEL-2416,1.0
HADOOP-15598,1.0
CAMEL-16681,0.0
CAMEL-11259,1.0
HADOOP-11497,1.0
HADOOP-11670,3.0
CAMEL-20141,0.0
CAMEL-18688,0.0
CAMEL-6725,0.0
HADOOP-16376,0.0
CAMEL-5595,0.0
CAMEL-23725,1.0
CAMEL-4998,0.0
CAMEL-3350,1.0
CAMEL-6434,1.0
CAMEL-21280,0.0
CAMEL-20351,1.0
CAMEL-16134,0.0
CAMEL-4619,0.0
CAMEL-6403,1.0
HADOOP-10786,2.0
HADOOP-4732,0.0
CAMEL-22985,1.0
HADOOP-11590,4.0
CAMEL-17216,1.0
HADOOP-18433,1.0
CAMEL-19879,0.0
HADOOP-13129,1.0
CAMEL-21361,1.0
CAMEL-17495,1.0
CAMEL-7940,0.0
HADOOP-18266,1.0
HADOOP-12406,1.0
HADOOP-12780,0.0
CAMEL-18935,1.0
CAMEL-10837,1.0
HADOOP-7300,0.0
CAMEL-5414,1.0
HADOOP-11322,0.0
CAMEL-20947,1.0
CAMEL-12993,0.0
HADOOP-7287,1.0
CAMEL-23968,1.0
CAMEL-21817,1.0
CAMEL-2196,0.0
CAMEL-4765,0.0
CAMEL-18424,0.0
CAMEL-14601,1.0
CAMEL-14842,0.0
CAMEL-16863,1.0
CAMEL-8614,0.0
HADOOP-18089,0.0
CAMEL-15351,1.0
HADOOP-17203,2.0
HADOOP-2456,1.0
CAMEL-8783,1.0
CAMEL-20445,1.0
HADOOP-10131,0.0
CAMEL-15567,1.0
HADOOP-1902,1.0
CAMEL-11972,1.0
HADOOP-1714,1.0
HADOOP-13108,0.0
CAMEL-20475,1.0
CAMEL-14790,0.0
HADOOP-13476,0.0
HADOOP-14535,1.0
HADOOP-8783,0.0
CAMEL-7637,0.0
CAMEL-3718,0.0
CAMEL-9976,0.0
HADOOP-3952,0.0
CAMEL-18987,0.0
HADOOP-1625,1.0
CAMEL-11373,0.0
CAMEL-24250,0.0
CAMEL-5080,1.0
HADOOP-18354,1.0
HADOOP-1260,1.0
CAMEL-7506,0.0
CAMEL-19218,1.0
CAMEL-8077,1.0
HADOOP-14549,1.0
CAMEL-4740,0.0
CAMEL-21726,0.0
CAMEL-7719,0.0
CAMEL-5167,1.0
HADOOP-10771,0.0
CAMEL-15125,0.0
HADOOP-16044,0.0
HADOOP-1818,1.0
CAMEL-3552,6.0
CAMEL-11435,0.0
CAMEL-17089,0.0
CAMEL-16677,0.0
CAMEL-13213,1.0
CAMEL-23971,1.0
HADOOP-15633,0.0
CAMEL-10141,1.0
CAMEL-18576,1.0
CAMEL-21865,0.0
CAMEL-9389,0.0
CAMEL-8312,2.0
HADOOP-11959,0.0
CAMEL-10386,1.0
CAMEL-16351,1.0
CAMEL-3114,1.0
HADOOP-9989,1.0
CAMEL-19711,0.0
CAMEL-7346,0.0
CAMEL-6842,1.0
CAMEL-14538,0.0
CAMEL-23012,1.0
HADOOP-7992,3.0
CAMEL-11103,0.0
HADOOP-16774,1.0
HADOOP-16232,1.0
CAMEL-15050,0.0
CAMEL-24218,1.0
HADOOP-17262,0.0
CAMEL-10268,0.0
HADOOP-10609,1.0
CAMEL-21839,0.0
CAMEL-12885,1.0
CAMEL-15071,0.0
CAMEL-4848,0.0
HADOOP-13068,0.0
HADOOP-17217,0.0
CAMEL-22161,0.0
CAMEL-18243,0.0
CAMEL-16244,1.0
CAMEL-22451,0.0
CAMEL-17204,0.0
CAMEL-16171,0.0
CAMEL-23531,1.0
CAMEL-2370,1.0
HADOOP-18162,1.0
CAMEL-13373,1.0
CAMEL-21858,0.0
CAMEL-6697,0.0
CAMEL-20391,0.0
HADOOP-3846,1.0
CAMEL-17300,1.0
CAMEL-1536,0.0
CAMEL-13662,1.0
HADOOP-3743,1.0
HADOOP-3285,1.0
CAMEL-371,0.0
HADOOP-4205,0.0
CAMEL-14784,1.0
HADOOP-7202,0.0
CAMEL-2141,0.0
HADOOP-18096,0.0
CAMEL-7697,1.0
CAMEL-649,1.0
CAMEL-2431,0.0
HADOOP-5842,0.0
HADOOP-19488,1.0
HADOOP-17100,0.0
HADOOP-10940,0.0
HADOOP-6911,0.0
HADOOP-12822,1.0
CAMEL-23185,0.0
CAMEL-18234,1.0
HADOOP-13459,0.0
CAMEL-7516,1.0
CAMEL-964,1.0
HADOOP-10386,1.0
HADOOP-19615,1.0
HADOOP-7291,2.0
HADOOP-2016,1.0
CAMEL-12004,1.0
HADOOP-13299,0.0
CAMEL-18710,1.0
CAMEL-10765,1.0
HADOOP-18042,1.0
CAMEL-22491,1.0
HADOOP-15498,1.0
HADOOP-12011,0.0
HADOOP-845,0.0
CAMEL-1746,0.0
CAMEL-9087,1.0
CAMEL-4225,1.0
CAMEL-16083,1.0
CAMEL-7788,0.0
HADOOP-14893,1.0
HADOOP-990,1.0
HADOOP-7575,0.0
CAMEL-5696,1.0
CAMEL-20490,1.0
HADOOP-11056,0.0
HADOOP-15860,2.0
CAMEL-19797,1.0
CAMEL-4209,2.0
HADOOP-7341,0.0
HADOOP-16558,2.0
CAMEL-13363,0.0
CAMEL-4503,1.0
HADOOP-17337,1.0
CAMEL-23707,2.0
CAMEL-2338,0.0
CAMEL-20284,0.0
CAMEL-1571,0.0
CAMEL-16263,1.0
CAMEL-7961,1.0
HADOOP-3279,0.0
HADOOP-7827,1.0
HADOOP-17715,1.0
HADOOP-2511,0.0
CAMEL-18403,0.0
CAMEL-1475,0.0
HADOOP-14451,2.0
CAMEL-8863,1.0
CAMEL-6633,0.0
CAMEL-15900,0.0
CAMEL-2762,1.0
HADOOP-11721,1.0
CAMEL-1429,1.0
CAMEL-19959,0.0
HADOOP-5072,1.0
CAMEL-20993,0.0
HADOOP-163,1.0
CAMEL-1406,0.0
CAMEL-16992,0.0
CAMEL-11392,1.0
HADOOP-4433,0.0
CAMEL-10035,0.0
CAMEL-12611,1.0
CAMEL-23973,1.0
HADOOP-11526,1.0
CAMEL-6056,1.0
CAMEL-2220,0.0
HADOOP-661,1.0
CAMEL-15060,0.0
CAMEL-9346,0.0
CAMEL-10195,1.0
CAMEL-7853,1.0
CAMEL-19646,1.0
CAMEL-4951,1.0
CAMEL-17543,0.0
HADOOP-4717,3.0
HADOOP-4120,0.0
CAMEL-22882,1.0
CAMEL-21044,0.0
CAMEL-14868,0.0
CAMEL-9611,1.0
HADOOP-6410,1.0
CAMEL-9063,1.0
CAMEL-18503,0.0
CAMEL-8966,1.0
CAMEL-15602,0.0
CAMEL-10772,1.0
