loc,cyclomatic_complexity,num_functions,num_files_changed,token_count,project_name,era,defect_prone
7504,2.1466666666666665,600,9,47531,HADOOP,ai_era,1
429,5.111111111111111,18,2,3355,CAMEL,pre_ai,1
83,3.2,5,1,635,CAMEL,pre_ai,1
10236,2.335235378031384,701,20,66464,HADOOP,ai_era,1
198,2.272727272727273,22,1,1131,CAMEL,ai_era,1
1010,2.4456521739130435,92,1,6460,HADOOP,ai_era,1
165,1.0869565217391304,23,2,1065,CAMEL,ai_era,1
197,2.769230769230769,13,1,1315,HADOOP,pre_ai,1
58,1.0,12,1,294,CAMEL,pre_ai,1
69,1.2,10,2,506,CAMEL,pre_ai,1
562,2.033333333333333,30,4,3659,HADOOP,pre_ai,1
75,6.0,3,1,573,CAMEL,pre_ai,1
35,1.0,6,1,214,CAMEL,pre_ai,1
306,2.32,25,2,2196,CAMEL,ai_era,1
116,1.75,8,1,871,HADOOP,pre_ai,1
933,1.3043478260869563,138,5,5624,CAMEL,ai_era,1
327,3.0476190476190474,21,2,2563,CAMEL,ai_era,1
44,2.0,4,1,336,HADOOP,pre_ai,1
16074,2.2379182156133828,1614,42,112487,CAMEL,ai_era,1
419,2.097560975609756,41,2,3476,CAMEL,pre_ai,1
1150,1.8613138686131387,137,1,7138,HADOOP,pre_ai,1
272,1.1272727272727272,55,1,1453,CAMEL,ai_era,1
99,1.3333333333333333,15,1,655,CAMEL,ai_era,1
21,1.0,1,1,216,CAMEL,ai_era,1
1263,2.9166666666666665,84,1,8288,HADOOP,pre_ai,1
3589,3.218340611353712,229,6,22812,HADOOP,pre_ai,1
1909,2.4150943396226414,159,12,13916,CAMEL,ai_era,1
578,1.7804878048780488,82,1,3393,CAMEL,pre_ai,1
296,2.888888888888889,18,1,2144,HADOOP,pre_ai,1
559,3.6052631578947367,38,2,4259,CAMEL,pre_ai,1
333,2.4347826086956523,23,1,2216,HADOOP,ai_era,1
106,1.0454545454545454,22,1,681,HADOOP,ai_era,1
112,5.2,5,1,926,CAMEL,ai_era,1
835,2.011111111111111,90,1,5911,CAMEL,ai_era,1
272,1.1272727272727272,55,1,1453,CAMEL,pre_ai,1
545,1.8115942028985508,69,1,3783,CAMEL,pre_ai,1
118,2.0,11,1,891,CAMEL,pre_ai,1
82,2.0,7,1,575,HADOOP,pre_ai,1
142,1.7142857142857142,21,1,1070,CAMEL,ai_era,1
4092,2.7444089456869007,313,5,27995,HADOOP,ai_era,1
136,3.4,5,1,1059,HADOOP,ai_era,1
493,3.1666666666666665,30,1,3761,CAMEL,ai_era,1
1600,2.435483870967742,124,12,10382,CAMEL,ai_era,1
1163,1.9722222222222223,144,7,7843,CAMEL,pre_ai,1
217,1.4,30,1,1501,CAMEL,pre_ai,1
463,2.571428571428572,42,3,3690,CAMEL,pre_ai,1
174,3.363636363636364,11,1,2120,CAMEL,pre_ai,1
142,2.6666666666666665,9,1,1073,CAMEL,ai_era,1
1550,6.288461538461538,52,5,13444,CAMEL,ai_era,1
159,4.444444444444445,9,1,1308,CAMEL,ai_era,1
71,3.1666666666666665,6,1,452,CAMEL,ai_era,1
15203,3.047268907563025,952,29,102239,HADOOP,ai_era,1
1499,1.3866666666666667,225,1,7121,CAMEL,ai_era,1
89,1.7,10,1,647,CAMEL,pre_ai,1
197,3.875,8,1,1639,CAMEL,pre_ai,1
472,4.625,16,1,3435,HADOOP,ai_era,1
757,2.0806451612903225,62,4,4256,HADOOP,pre_ai,1
2282,3.389830508474576,118,5,16382,HADOOP,ai_era,1
756,3.9565217391304346,69,2,5251,CAMEL,pre_ai,1
1316,2.4056603773584904,106,2,9442,HADOOP,pre_ai,1
218,2.6,15,1,1506,HADOOP,ai_era,1
383,2.577777777777778,45,3,2421,CAMEL,pre_ai,1
2005,5.6117647058823525,85,3,14511,CAMEL,ai_era,1
338,5.5,16,1,2654,CAMEL,ai_era,1
1504,7.113207547169812,53,1,11324,CAMEL,ai_era,1
689,1.893333333333333,75,1,4541,HADOOP,ai_era,1
809,3.346938775510204,49,1,5639,HADOOP,pre_ai,1
1145,5.714285714285714,49,2,8651,CAMEL,ai_era,1
589,4.52,25,2,5125,CAMEL,pre_ai,1
136,3.4285714285714284,7,1,1008,CAMEL,pre_ai,1
195,2.4375,16,1,1280,HADOOP,pre_ai,1
2986,1.7457142857142858,350,4,18820,HADOOP,ai_era,1
687,2.425925925925926,54,3,4844,HADOOP,ai_era,1
1373,4.609375,64,5,10646,CAMEL,ai_era,1
2246,2.5924170616113744,211,1,14941,HADOOP,pre_ai,1
69,5.0,3,1,603,CAMEL,pre_ai,1
2866,2.437246963562753,247,1,17971,HADOOP,ai_era,1
63,2.5,4,1,430,HADOOP,pre_ai,1
246,1.8421052631578947,19,1,1735,CAMEL,pre_ai,1
568,2.263157894736842,38,2,4564,CAMEL,pre_ai,1
1739,2.2065217391304346,184,3,11829,CAMEL,pre_ai,1
23,1.0,5,1,138,CAMEL,ai_era,1
555,3.7222222222222223,36,2,3698,CAMEL,ai_era,1
5550,2.694078947368421,304,7,39752,HADOOP,ai_era,1
64,2.0,7,1,472,CAMEL,ai_era,1
1012,1.9264705882352944,136,2,6913,HADOOP,pre_ai,1
213,1.7777777777777777,18,2,1777,CAMEL,pre_ai,1
373,3.642857142857143,28,6,2858,HADOOP,ai_era,1
297,1.1956521739130437,46,3,2037,CAMEL,ai_era,1
295,11.333333333333334,6,1,2553,CAMEL,pre_ai,1
4721,2.2258823529411766,425,36,30905,HADOOP,ai_era,1
6426,1.9463087248322148,745,13,43693,HADOOP,pre_ai,1
326,2.090909090909091,22,1,2053,HADOOP,pre_ai,1
1721,4.546511627906977,86,2,12437,CAMEL,ai_era,1
1114,1.215568862275449,167,4,6668,HADOOP,ai_era,1
225,1.7777777777777777,27,1,1468,CAMEL,ai_era,1
649,1.8727272727272728,55,2,4399,HADOOP,pre_ai,1
691,1.7875,80,6,4558,HADOOP,pre_ai,1
501,6.0,21,1,3784,CAMEL,ai_era,1
89,5.0,3,1,658,CAMEL,ai_era,1
789,3.414634146341464,41,1,4877,HADOOP,ai_era,1
244,1.5,10,2,2833,CAMEL,ai_era,1
549,2.340909090909091,44,2,3663,HADOOP,pre_ai,1
728,3.1785714285714284,56,4,4780,CAMEL,pre_ai,1
159,1.1153846153846154,26,1,881,HADOOP,ai_era,1
966,2.811320754716981,53,7,8049,CAMEL,ai_era,1
8445,1.9958960328317372,731,23,52676,HADOOP,ai_era,1
377,3.2857142857142856,21,3,3526,CAMEL,pre_ai,1
97,2.857142857142857,7,1,724,CAMEL,pre_ai,1
1279,2.463636363636364,110,2,7860,HADOOP,pre_ai,1
757,3.590909090909091,44,1,4754,HADOOP,pre_ai,1
31,1.5,4,1,160,HADOOP,pre_ai,1
62,2.75,4,1,490,CAMEL,pre_ai,1
999,2.492063492063492,63,1,6962,HADOOP,ai_era,1
1612,3.4871794871794872,117,4,11166,CAMEL,ai_era,1
552,1.6923076923076923,78,2,3107,CAMEL,pre_ai,1
182,1.0,28,4,922,CAMEL,ai_era,1
545,1.84375,64,5,3323,CAMEL,pre_ai,1
455,1.8666666666666667,30,5,3015,HADOOP,ai_era,1
103,1.5,18,2,649,CAMEL,pre_ai,1
1079,6.3125,48,1,8197,HADOOP,pre_ai,1
18716,1.9039855072463767,2208,46,128301,CAMEL,pre_ai,1
4795,4.764102564102564,195,19,40164,CAMEL,ai_era,1
4229,2.6615384615384614,260,5,28073,HADOOP,pre_ai,1
51,2.333333333333333,6,1,358,CAMEL,ai_era,1
1134,1.21875,128,26,6984,CAMEL,ai_era,1
1813,2.782258064516129,124,1,11417,HADOOP,pre_ai,1
57,4.0,3,1,422,CAMEL,pre_ai,1
199,2.0,19,1,1245,HADOOP,pre_ai,1
1116,2.634408602150537,93,5,7685,CAMEL,ai_era,1
113,2.2,10,2,969,CAMEL,pre_ai,1
1795,3.544642857142857,112,10,15041,CAMEL,pre_ai,1
6181,2.254117647058824,425,5,41973,HADOOP,ai_era,1
298,1.0,64,2,1509,CAMEL,pre_ai,1
1483,2.814516129032258,124,2,10421,HADOOP,pre_ai,1
1456,1.4027777777777777,72,5,7311,HADOOP,ai_era,1
4116,3.453488372093023,258,2,27353,HADOOP,pre_ai,1
2928,2.4502369668246446,211,8,20115,HADOOP,pre_ai,1
145,1.3333333333333333,3,2,890,HADOOP,pre_ai,1
126,2.555555555555556,9,1,945,CAMEL,ai_era,1
843,1.8157894736842104,114,1,5736,HADOOP,pre_ai,1
935,2.8095238095238093,84,1,6056,HADOOP,ai_era,1
497,1.8571428571428568,70,3,3200,HADOOP,pre_ai,1
765,1.72,100,2,4917,CAMEL,pre_ai,1
909,5.96969696969697,33,2,7348,CAMEL,ai_era,1
46,1.3333333333333333,3,1,296,HADOOP,ai_era,1
3858,2.7402234636871508,358,2,26241,CAMEL,pre_ai,1
352,1.894736842105263,38,3,2511,CAMEL,pre_ai,1
438,3.0285714285714285,35,1,3058,HADOOP,pre_ai,1
629,1.6666666666666667,81,3,4337,CAMEL,pre_ai,1
60,2.25,4,1,326,HADOOP,pre_ai,1
34998,2.2077424300498274,2609,89,223583,HADOOP,pre_ai,1
1358,2.9405940594059405,101,1,8425,HADOOP,ai_era,1
701,2.583333333333333,60,12,4814,HADOOP,pre_ai,1
27,2.0,1,1,299,CAMEL,ai_era,1
509,2.325,40,2,3697,CAMEL,ai_era,1
46,1.25,4,2,285,CAMEL,pre_ai,1
212,4.636363636363637,11,1,1445,HADOOP,pre_ai,1
1776,15.441176470588236,34,2,15175,CAMEL,pre_ai,1
1325,1.6785714285714286,140,3,9424,CAMEL,ai_era,1
1676,2.575949367088608,158,1,11461,HADOOP,pre_ai,1
861,2.3653846153846154,52,2,5061,HADOOP,ai_era,1
129,2.727272727272727,11,1,957,CAMEL,pre_ai,1
2167,1.3859649122807018,399,4,12389,CAMEL,pre_ai,1
370,3.1739130434782608,23,1,2411,HADOOP,pre_ai,1
238,2.8,15,2,1780,CAMEL,ai_era,1
5429,2.609452736318408,402,3,34401,HADOOP,ai_era,1
190,3.071428571428572,14,2,1183,CAMEL,pre_ai,1
42,1.3333333333333333,3,2,320,CAMEL,ai_era,1
1824,2.657142857142857,70,5,15354,HADOOP,ai_era,1
1425,6.283333333333333,60,1,10989,HADOOP,pre_ai,1
7161,3.0102459016393444,488,7,47972,HADOOP,pre_ai,1
1448,6.754716981132075,53,1,10931,CAMEL,ai_era,1
5144,2.0172413793103448,348,6,32139,HADOOP,ai_era,1
113,2.142857142857143,7,1,805,CAMEL,ai_era,1
422,7.6923076923076925,13,1,2953,CAMEL,ai_era,1
5491,2.4610091743119265,436,20,37225,HADOOP,pre_ai,1
782,2.38,50,2,5591,HADOOP,pre_ai,1
2837,2.569230769230769,195,7,18419,HADOOP,pre_ai,1
164,1.875,16,1,1226,CAMEL,pre_ai,1
14,1.0,1,1,107,CAMEL,pre_ai,1
227,3.1666666666666665,12,2,1749,CAMEL,pre_ai,1
85,3.0,4,1,748,CAMEL,ai_era,1
105,2.0,7,1,547,HADOOP,pre_ai,1
677,2.6296296296296298,54,7,4818,CAMEL,pre_ai,1
235,4.0,8,1,1861,HADOOP,ai_era,1
182,1.4736842105263157,19,1,908,HADOOP,pre_ai,1
561,1.0,1,1,3081,HADOOP,ai_era,1
489,1.4848484848484849,66,4,3338,CAMEL,ai_era,1
3086,2.158671586715867,271,8,19424,HADOOP,ai_era,1
669,2.320754716981132,53,2,5203,CAMEL,ai_era,1
1510,1.437125748502994,167,4,8996,HADOOP,ai_era,1
3255,2.5157232704402515,318,11,23338,CAMEL,pre_ai,1
1126,2.8674698795180724,83,1,7135,HADOOP,pre_ai,1
8226,2.025039123630673,639,23,54672,HADOOP,ai_era,1
420,5.105263157894737,19,2,3408,CAMEL,pre_ai,1
20024,2.8846153846153846,1248,29,132162,HADOOP,ai_era,1
66,1.7142857142857142,7,1,438,HADOOP,pre_ai,1
8607,2.889580093312597,643,7,55402,HADOOP,pre_ai,1
150,2.363636363636364,11,1,1156,CAMEL,pre_ai,1
117,2.5,10,1,844,HADOOP,pre_ai,1
96,1.2941176470588236,17,1,483,CAMEL,pre_ai,1
50,1.2222222222222223,9,1,330,CAMEL,pre_ai,1
783,2.2238805970149254,67,13,5782,CAMEL,ai_era,1
2540,2.408,250,9,17544,CAMEL,pre_ai,1
781,1.3243243243243243,111,3,4760,CAMEL,ai_era,1
227,2.0,24,1,1533,HADOOP,pre_ai,1
7019,1.938223938223938,518,23,44387,HADOOP,ai_era,1
22916,2.958395245170877,1346,39,163187,HADOOP,ai_era,1
2027,2.347368421052632,190,7,13653,CAMEL,ai_era,1
656,1.84,75,5,4541,CAMEL,ai_era,1
1365,2.5806451612903225,124,1,8234,CAMEL,ai_era,1
306,2.3448275862068964,29,1,2312,CAMEL,pre_ai,1
4261,2.5793650793650795,252,4,29235,HADOOP,ai_era,1
95,3.571428571428572,7,1,653,CAMEL,ai_era,1
77,1.0909090909090908,11,4,569,CAMEL,pre_ai,1
821,7.5,26,1,6117,CAMEL,ai_era,1
6457,1.844074844074844,481,9,40289,HADOOP,ai_era,1
239,1.9565217391304348,23,2,1404,CAMEL,ai_era,1
117,1.8888888888888888,9,1,969,CAMEL,pre_ai,1
296,1.5277777777777777,36,9,2095,CAMEL,pre_ai,1
71,2.0,9,1,538,HADOOP,ai_era,1
2488,5.714285714285714,84,6,19987,CAMEL,ai_era,1
879,2.8095238095238093,63,1,5531,HADOOP,pre_ai,1
1039,3.6031746031746033,63,1,7559,HADOOP,pre_ai,1
2881,2.42570281124498,249,2,18050,HADOOP,ai_era,1
713,2.327272727272727,55,2,5866,CAMEL,ai_era,1
394,2.3076923076923075,39,1,2382,CAMEL,pre_ai,1
7164,4.238095238095238,399,4,49104,CAMEL,ai_era,1
1760,4.402777777777778,72,4,13462,CAMEL,ai_era,1
725,1.3300970873786409,103,3,4400,CAMEL,pre_ai,1
3058,2.571428571428572,196,4,17902,HADOOP,pre_ai,1
55,3.6,5,1,470,CAMEL,ai_era,1
118,1.6666666666666667,12,1,959,CAMEL,pre_ai,1
87,4.666666666666667,3,1,783,CAMEL,pre_ai,1
4090,1.8867313915857604,309,8,26136,HADOOP,ai_era,1
4721,2.2258823529411766,425,36,30905,HADOOP,ai_era,1
76,1.7142857142857142,7,1,573,CAMEL,pre_ai,1
163,3.333333333333333,12,1,1175,HADOOP,pre_ai,1
4109,1.6174334140435835,413,3,26213,HADOOP,pre_ai,1
1155,1.420731707317073,164,3,7045,CAMEL,ai_era,1
5391,2.0023696682464456,422,16,35790,HADOOP,ai_era,1
264,1.3888888888888888,36,1,1806,CAMEL,ai_era,1
135,2.6666666666666665,9,1,912,CAMEL,ai_era,1
476,2.8,30,2,3372,CAMEL,ai_era,1
255,4.2,10,1,2033,CAMEL,ai_era,1
3507,2.3846153846153846,234,15,22112,HADOOP,pre_ai,1
79,1.5,12,1,533,CAMEL,pre_ai,1
1617,2.2621951219512195,164,4,9818,CAMEL,pre_ai,1
531,2.5217391304347827,46,1,3252,HADOOP,pre_ai,1
266,1.625,24,1,1573,HADOOP,pre_ai,1
74,3.75,4,1,579,CAMEL,pre_ai,1
194,2.076923076923077,13,2,1601,CAMEL,ai_era,1
159,1.6470588235294117,17,1,1131,CAMEL,ai_era,1
3666,2.627692307692308,325,2,24059,CAMEL,ai_era,1
1566,5.491228070175438,57,5,13296,CAMEL,ai_era,1
4682,2.762264150943396,265,7,31226,HADOOP,ai_era,1
207,2.217391304347826,23,1,1573,CAMEL,pre_ai,1
519,1.907692307692308,65,1,3555,CAMEL,pre_ai,1
2199,5.260869565217392,92,2,19589,CAMEL,ai_era,1
33,5.0,1,1,220,CAMEL,pre_ai,1
196,1.4545454545454546,22,1,1361,HADOOP,pre_ai,1
171,1.631578947368421,19,2,1006,CAMEL,ai_era,1
628,2.1403508771929824,57,5,4720,CAMEL,ai_era,1
161,2.272727272727273,11,1,1012,HADOOP,pre_ai,1
2424,2.1686746987951806,249,25,16097,CAMEL,pre_ai,1
612,2.425531914893617,47,2,4743,CAMEL,ai_era,1
4874,6.977653631284916,179,6,38316,CAMEL,ai_era,1
822,2.788732394366197,71,1,5686,HADOOP,pre_ai,1
86,3.2,5,1,668,CAMEL,ai_era,1
6579,1.90956749672346,763,7,41248,CAMEL,ai_era,1
127,1.0769230769230769,26,1,682,CAMEL,pre_ai,1
264,5.416666666666667,12,1,2202,CAMEL,pre_ai,1
417,2.097560975609756,41,2,2851,CAMEL,ai_era,1
536,1.1262135922330097,103,1,3154,CAMEL,pre_ai,1
938,3.08955223880597,67,12,7451,HADOOP,pre_ai,1
350,2.242424242424242,33,1,2557,CAMEL,pre_ai,1
860,5.454545454545454,33,2,6762,CAMEL,ai_era,1
1216,1.8294573643410847,129,3,8991,CAMEL,ai_era,1
1157,4.585365853658536,41,2,10324,CAMEL,ai_era,1
484,4.958333333333333,24,1,4115,CAMEL,pre_ai,1
1581,1.9095477386934676,199,5,10656,HADOOP,ai_era,1
521,2.95,40,3,4016,CAMEL,ai_era,1
772,2.2739726027397262,73,1,4744,HADOOP,ai_era,1
597,2.217391304347826,46,1,4283,HADOOP,pre_ai,1
294,3.6,20,1,1776,HADOOP,pre_ai,1
398,10.916666666666666,12,1,3489,CAMEL,pre_ai,1
1131,1.9315068493150684,146,3,7897,HADOOP,pre_ai,1
1461,3.1714285714285717,70,1,10752,HADOOP,ai_era,1
68,1.1111111111111112,9,2,472,CAMEL,ai_era,1
636,2.278688524590164,61,5,4368,CAMEL,ai_era,1
245,1.7391304347826086,23,1,2237,CAMEL,pre_ai,1
155,1.318181818181818,22,1,1098,CAMEL,pre_ai,1
594,8.526315789473685,19,1,4645,CAMEL,ai_era,1
2709,3.276073619631902,163,6,17099,HADOOP,pre_ai,1
834,4.821428571428571,28,3,6850,CAMEL,ai_era,1
1217,2.5689655172413794,58,4,7247,HADOOP,ai_era,1
414,1.6041666666666667,48,1,2863,HADOOP,ai_era,1
792,1.3687943262411348,141,1,4720,CAMEL,pre_ai,1
217,2.6875,16,1,1401,HADOOP,pre_ai,1
134,2.636363636363636,11,1,817,CAMEL,ai_era,1
499,3.3714285714285714,35,2,3240,CAMEL,ai_era,1
8093,2.147165259348613,829,30,51871,CAMEL,pre_ai,1
2239,1.5313807531380754,239,3,15165,HADOOP,pre_ai,1
487,2.8421052631578947,38,7,3544,CAMEL,ai_era,1
496,1.7605633802816902,71,1,3017,CAMEL,ai_era,1
380,1.6304347826086956,46,2,2645,CAMEL,ai_era,1
2499,2.593886462882096,229,11,18073,CAMEL,pre_ai,1
3529,4.427586206896552,145,17,28480,CAMEL,ai_era,1
149,2.4444444444444446,9,1,1291,CAMEL,ai_era,1
1482,1.8711340206185567,194,8,9616,CAMEL,pre_ai,1
630,4.617647058823529,34,3,4466,CAMEL,ai_era,1
499,1.681818181818182,66,1,3374,CAMEL,pre_ai,1
318,3.933333333333333,15,1,2744,CAMEL,ai_era,1
9390,1.948119325551232,771,32,62278,HADOOP,ai_era,1
9,1.0,1,1,48,HADOOP,pre_ai,1
27,1.6666666666666667,3,1,182,HADOOP,ai_era,1
6010,2.17156862745098,408,13,41128,HADOOP,ai_era,1
207,2.0,22,1,1539,HADOOP,pre_ai,1
955,2.7349397590361444,83,1,6118,CAMEL,ai_era,1
474,1.8545454545454545,55,3,3440,CAMEL,ai_era,1
941,1.4035087719298245,114,1,5506,HADOOP,ai_era,1
322,1.5106382978723405,47,2,2032,CAMEL,ai_era,1
627,1.4875,80,2,3857,CAMEL,ai_era,1
237,1.0526315789473684,38,2,1547,CAMEL,ai_era,1
74,1.0,12,2,567,CAMEL,pre_ai,1
2043,2.895104895104895,143,1,13070,HADOOP,pre_ai,1
1057,2.1066666666666665,75,1,7292,HADOOP,ai_era,1
6780,2.228235294117647,425,11,47465,HADOOP,ai_era,1
3575,1.9014084507042253,284,3,22317,HADOOP,ai_era,1
745,4.818181818181818,33,3,6363,CAMEL,pre_ai,1
91,2.571428571428572,7,2,578,CAMEL,pre_ai,1
800,8.0,24,2,7006,CAMEL,pre_ai,1
1042,2.0930232558139537,86,3,6502,HADOOP,ai_era,1
313,1.339622641509434,53,2,2095,CAMEL,pre_ai,1
206,1.020408163265306,49,1,968,CAMEL,pre_ai,1
114,2.076923076923077,13,2,759,CAMEL,pre_ai,1
4777,2.467236467236467,351,8,30122,HADOOP,pre_ai,1
343,6.454545454545454,11,1,3033,CAMEL,pre_ai,1
341,4.5,12,1,2551,CAMEL,pre_ai,1
621,2.3846153846153846,39,1,4425,HADOOP,pre_ai,1
812,2.857142857142857,49,16,6436,CAMEL,ai_era,1
3940,1.940959409594096,271,3,24169,HADOOP,ai_era,1
608,2.326530612244898,49,4,4766,CAMEL,ai_era,1
488,3.2564102564102564,39,1,3584,CAMEL,pre_ai,1
3673,1.8694158075601373,291,4,22895,HADOOP,ai_era,1
4392,2.045009784735812,511,6,29879,CAMEL,ai_era,1
358,1.2361111111111112,72,3,2154,CAMEL,pre_ai,1
314,1.6296296296296295,27,2,2193,HADOOP,ai_era,1
192,7.833333333333333,6,1,1912,CAMEL,pre_ai,1
154,2.4285714285714284,14,1,1071,CAMEL,ai_era,1
1113,3.1904761904761907,63,4,7484,HADOOP,pre_ai,1
190,2.4285714285714284,14,2,1746,CAMEL,ai_era,1
957,5.157894736842105,38,6,8550,CAMEL,ai_era,1
2010,3.613333333333333,75,8,14511,HADOOP,pre_ai,1
217,1.1956521739130437,46,1,1058,CAMEL,pre_ai,1
1087,1.5391304347826087,115,3,7031,HADOOP,ai_era,1
774,2.2586206896551726,58,16,5136,HADOOP,ai_era,1
234,2.6666666666666665,18,1,1468,HADOOP,ai_era,1
3819,2.424170616113744,422,3,26310,CAMEL,ai_era,1
1378,1.5806451612903225,155,3,11066,CAMEL,ai_era,1
3122,2.754448398576512,281,2,21255,CAMEL,pre_ai,1
192,2.888888888888889,9,1,1219,HADOOP,ai_era,1
133,2.1,10,2,962,CAMEL,pre_ai,1
136,1.5789473684210529,19,1,855,CAMEL,pre_ai,1
754,1.5977011494252873,87,2,5162,CAMEL,pre_ai,1
115,22.0,1,1,755,CAMEL,ai_era,1
5134,2.46814404432133,361,4,31590,HADOOP,pre_ai,1
2475,5.978260869565218,92,1,19472,CAMEL,ai_era,1
3958,1.7761989342806397,563,28,25221,CAMEL,pre_ai,1
380,2.375,16,10,2620,CAMEL,ai_era,1
2825,5.990654205607477,107,6,21585,CAMEL,ai_era,1
466,6.666666666666667,9,1,3356,HADOOP,pre_ai,1
149,1.1666666666666667,24,2,924,CAMEL,ai_era,1
655,2.843137254901961,51,3,5355,CAMEL,pre_ai,1
72,2.333333333333333,6,1,633,CAMEL,ai_era,1
1375,1.536723163841808,177,2,8733,CAMEL,ai_era,1
291,2.1923076923076925,26,1,1859,HADOOP,pre_ai,1
2744,2.4935622317596566,233,1,17242,HADOOP,pre_ai,1
87,11.0,2,1,814,CAMEL,pre_ai,1
568,1.619047619047619,84,2,3594,CAMEL,pre_ai,1
746,2.5084745762711864,59,2,5331,HADOOP,ai_era,1
932,6.785714285714286,42,1,6877,CAMEL,ai_era,1
2072,2.6578947368421053,114,4,13300,HADOOP,ai_era,1
648,3.0454545454545454,44,2,5326,CAMEL,pre_ai,1
114,3.0,10,1,745,CAMEL,pre_ai,1
708,1.9014084507042253,71,6,4962,CAMEL,pre_ai,1
1246,6.177777777777778,45,2,9909,CAMEL,ai_era,1
266,1.411764705882353,34,2,1670,CAMEL,ai_era,1
486,1.5405405405405406,74,4,3117,CAMEL,ai_era,1
520,3.333333333333333,6,3,3130,HADOOP,pre_ai,1
108,1.5384615384615383,13,1,745,CAMEL,ai_era,1
2776,4.828125,128,6,21315,CAMEL,ai_era,1
706,3.918918918918919,37,1,6822,CAMEL,pre_ai,1
2214,2.55,200,7,16447,CAMEL,pre_ai,1
483,4.2631578947368425,19,2,3614,CAMEL,ai_era,1
131,1.0740740740740742,27,1,705,CAMEL,pre_ai,1
178,2.0,17,1,1200,CAMEL,pre_ai,1
52,1.5,8,1,337,HADOOP,ai_era,1
1241,2.826530612244898,98,4,9349,CAMEL,pre_ai,1
3654,2.2652439024390243,328,2,23127,HADOOP,ai_era,1
1484,2.565217391304348,138,1,8862,CAMEL,ai_era,1
148,1.4193548387096775,31,1,846,CAMEL,pre_ai,1
281,2.0869565217391304,23,1,1810,HADOOP,ai_era,1
1173,4.405797101449275,69,1,7615,CAMEL,ai_era,1
1819,2.2419354838709675,186,14,13025,CAMEL,pre_ai,1
603,5.2,30,1,4542,CAMEL,pre_ai,1
3928,2.2410714285714284,336,3,25513,HADOOP,ai_era,1
9543,1.6417233560090705,882,13,55878,HADOOP,ai_era,1
190,2.5625,16,1,1987,CAMEL,pre_ai,1
457,2.0294117647058822,34,1,3127,HADOOP,ai_era,1
1863,21.53846153846154,26,1,14183,CAMEL,ai_era,1
1174,2.794117647058824,102,2,7722,CAMEL,ai_era,1
2801,3.355670103092784,194,1,18161,HADOOP,pre_ai,1
309,3.0,15,1,1876,HADOOP,pre_ai,1
265,2.1379310344827585,29,1,1805,CAMEL,ai_era,1
1330,5.9,60,1,10128,HADOOP,pre_ai,1
2165,1.568904593639576,283,18,13833,CAMEL,ai_era,1
183,1.375,32,1,1148,CAMEL,pre_ai,1
983,4.448979591836735,49,1,6566,HADOOP,pre_ai,1
7040,2.1496881496881497,481,16,48154,HADOOP,ai_era,1
494,2.2777777777777777,54,1,3241,CAMEL,ai_era,1
1978,6.523076923076923,65,2,14491,CAMEL,ai_era,1
2736,1.3930753564154783,491,5,15787,CAMEL,pre_ai,1
385,1.4901960784313726,51,5,2295,CAMEL,ai_era,1
655,3.731707317073171,41,1,4700,CAMEL,pre_ai,1
2602,3.096590909090909,176,2,16407,HADOOP,pre_ai,1
333,3.0,19,1,2207,HADOOP,ai_era,1
704,2.3472222222222223,72,1,4442,HADOOP,pre_ai,1
613,1.4767441860465116,86,3,4184,CAMEL,ai_era,1
143,2.8181818181818183,11,2,1106,HADOOP,pre_ai,1
812,2.6,65,1,5153,HADOOP,pre_ai,1
883,6.0,35,1,6814,CAMEL,ai_era,1
6540,2.754424778761062,452,8,43841,HADOOP,pre_ai,1
1703,2.772727272727273,88,1,12190,HADOOP,ai_era,1
120,2.5,6,1,957,HADOOP,ai_era,1
321,1.4594594594594594,37,1,2179,CAMEL,ai_era,1
808,4.029411764705882,34,1,7014,CAMEL,ai_era,1
102,2.4,10,1,683,CAMEL,pre_ai,1
3427,1.7865853658536586,328,5,23189,HADOOP,pre_ai,1
382,3.5454545454545454,22,1,3036,CAMEL,ai_era,1
1040,1.935185185185185,108,17,6678,HADOOP,ai_era,1
1201,3.0,80,1,7914,HADOOP,pre_ai,1
763,3.4782608695652173,46,5,5987,CAMEL,pre_ai,1
396,4.08,25,1,2931,CAMEL,ai_era,1
4116,3.173469387755102,294,3,26905,HADOOP,pre_ai,1
332,1.8035714285714288,56,1,1913,CAMEL,pre_ai,1
412,2.290322580645161,31,1,2666,HADOOP,ai_era,1
112,1.625,16,1,846,CAMEL,pre_ai,1
668,3.176470588235294,34,1,5049,HADOOP,pre_ai,1
866,3.078125,64,1,6023,CAMEL,ai_era,1
57,3.0,4,1,411,CAMEL,pre_ai,1
416,4.842105263157895,19,2,3418,CAMEL,ai_era,1
1832,7.56140350877193,57,1,13686,CAMEL,ai_era,1
77,2.0,4,1,703,CAMEL,pre_ai,1
66,5.0,2,1,438,HADOOP,pre_ai,1
513,2.878787878787879,33,1,3549,HADOOP,pre_ai,1
664,2.1639344262295084,61,1,4007,HADOOP,ai_era,1
159,2.555555555555556,9,1,1238,HADOOP,ai_era,1
497,2.2222222222222223,54,2,3548,CAMEL,pre_ai,1
486,4.380952380952381,21,1,4084,CAMEL,ai_era,1
254,1.8636363636363635,22,3,2172,CAMEL,pre_ai,1
102,1.2666666666666666,15,1,686,CAMEL,ai_era,1
3220,2.242424242424242,297,2,20103,HADOOP,ai_era,1
283,1.2222222222222223,45,3,1768,CAMEL,pre_ai,1
34,1.75,4,1,220,CAMEL,pre_ai,1
106,1.3043478260869563,23,2,654,CAMEL,pre_ai,1
234,2.631578947368421,19,1,1760,CAMEL,ai_era,1
3190,1.9156626506024097,249,2,19538,HADOOP,ai_era,1
466,1.6290322580645162,62,1,3283,CAMEL,ai_era,1
811,4.096774193548387,31,2,4791,CAMEL,ai_era,1
315,1.3076923076923077,52,3,1947,CAMEL,pre_ai,1
522,3.1724137931034484,29,1,4402,CAMEL,pre_ai,1
286,1.930232558139535,43,2,1705,CAMEL,pre_ai,1
302,2.227272727272727,22,1,2062,HADOOP,ai_era,1
401,1.4426229508196722,61,6,2745,CAMEL,pre_ai,1
51,1.25,8,1,301,CAMEL,pre_ai,1
471,1.9777777777777776,45,4,3092,HADOOP,pre_ai,1
2075,1.3854961832061068,262,8,15164,CAMEL,ai_era,1
49,6.0,1,1,293,HADOOP,pre_ai,1
147,2.1875,16,1,1211,CAMEL,pre_ai,1
227,3.1875,16,1,1636,CAMEL,pre_ai,1
1500,3.1029411764705883,68,2,9196,HADOOP,ai_era,1
266,1.9565217391304348,23,1,1739,CAMEL,ai_era,1
10343,5.155555555555556,495,16,80607,CAMEL,ai_era,1
133,5.5,2,1,963,CAMEL,pre_ai,1
2261,5.67816091954023,87,1,17844,CAMEL,ai_era,1
4667,2.4104938271604937,324,10,28529,HADOOP,ai_era,1
461,3.129032258064516,31,1,3338,CAMEL,ai_era,1
69,3.333333333333333,3,1,639,CAMEL,pre_ai,1
72,1.0,1,1,614,HADOOP,pre_ai,1
50,2.0,5,1,297,HADOOP,pre_ai,1
815,3.2857142857142856,63,1,5769,CAMEL,ai_era,1
4774,1.8527918781725887,394,7,30986,HADOOP,ai_era,1
71,2.8,5,1,485,HADOOP,pre_ai,1
4262,1.9566003616636527,553,15,28652,CAMEL,pre_ai,1
3963,3.147368421052632,285,3,26650,HADOOP,pre_ai,1
271,4.666666666666667,12,1,2147,CAMEL,pre_ai,1
1136,3.7384615384615385,65,1,7248,HADOOP,pre_ai,1
689,2.708333333333333,48,1,3836,HADOOP,pre_ai,1
3702,1.8333333333333333,300,2,22980,HADOOP,ai_era,1
3620,1.875,288,3,22559,HADOOP,ai_era,1
456,2.7777777777777777,36,2,3224,CAMEL,pre_ai,1
3892,2.8967741935483877,155,4,25198,HADOOP,pre_ai,1
1511,2.5225225225225225,111,2,9561,HADOOP,pre_ai,1
338,1.9142857142857144,35,2,2354,CAMEL,ai_era,1
298,1.3548387096774193,31,1,1617,HADOOP,pre_ai,1
171,2.1818181818181817,22,2,1156,CAMEL,pre_ai,1
301,9.428571428571429,7,1,2498,CAMEL,pre_ai,1
2661,2.0043103448275863,232,8,16742,HADOOP,ai_era,1
512,2.333333333333333,48,3,3405,CAMEL,pre_ai,1
430,2.238095238095238,42,2,2446,HADOOP,ai_era,1
542,1.3717948717948718,78,3,3390,CAMEL,ai_era,1
1774,3.801980198019802,101,1,11158,HADOOP,pre_ai,1
597,2.763157894736842,38,2,3847,HADOOP,pre_ai,1
47,1.3333333333333333,3,2,331,CAMEL,ai_era,1
5630,24.701149425287355,87,8,39083,CAMEL,ai_era,1
123,2.2,10,1,872,CAMEL,ai_era,1
12377,2.8119022316684377,941,23,82515,HADOOP,pre_ai,1
294,2.55,20,1,1976,HADOOP,pre_ai,1
729,5.166666666666667,36,1,5669,CAMEL,ai_era,1
50,1.4285714285714286,7,1,338,CAMEL,pre_ai,1
246,1.0,60,1,1112,CAMEL,ai_era,1
1939,1.9019607843137252,204,16,12576,HADOOP,pre_ai,1
153,1.7142857142857142,14,2,1128,CAMEL,ai_era,1
7109,1.4879614767255216,623,14,40033,HADOOP,ai_era,1
99,3.6,5,1,713,CAMEL,ai_era,1
20,1.3333333333333333,3,1,137,CAMEL,pre_ai,1
2869,2.431451612903226,248,1,17979,HADOOP,pre_ai,1
2294,2.629107981220657,213,1,15260,HADOOP,pre_ai,1
93,1.3636363636363635,11,1,719,CAMEL,ai_era,1
1139,2.1666666666666665,78,2,7776,HADOOP,ai_era,1
1688,1.53551912568306,183,19,11927,CAMEL,ai_era,1
4213,3.6345514950166113,301,4,31213,CAMEL,ai_era,1
510,2.833333333333333,36,1,3591,HADOOP,pre_ai,1
21,1.0,6,1,136,CAMEL,pre_ai,1
233,2.421052631578948,19,1,1671,CAMEL,pre_ai,1
123,3.857142857142857,7,1,941,CAMEL,pre_ai,1
411,2.5789473684210527,38,2,2709,HADOOP,pre_ai,1
392,1.78125,32,1,2319,HADOOP,ai_era,1
1414,2.388349514563106,103,1,9483,HADOOP,ai_era,1
43,1.8333333333333333,6,1,280,CAMEL,pre_ai,1
431,2.1379310344827585,29,3,2531,HADOOP,pre_ai,1
644,2.6,60,1,4721,HADOOP,pre_ai,1
487,3.027027027027027,37,1,3096,HADOOP,pre_ai,1
154,4.625,8,1,1143,CAMEL,pre_ai,1
254,3.3076923076923075,13,1,1941,HADOOP,ai_era,1
120,3.8,5,1,830,HADOOP,pre_ai,1
976,1.3008849557522124,113,27,6716,CAMEL,ai_era,1
637,2.125,8,2,3735,HADOOP,ai_era,1
776,2.9607843137254903,51,2,4720,HADOOP,pre_ai,1
29,1.0,3,2,172,CAMEL,pre_ai,1
1924,5.71578947368421,95,4,16703,CAMEL,ai_era,1
471,4.16,25,1,4288,CAMEL,pre_ai,1
217,1.2692307692307692,26,1,1356,HADOOP,ai_era,1
150,2.0526315789473686,19,1,1192,CAMEL,pre_ai,1
74,2.8,5,1,626,CAMEL,pre_ai,1
2869,3.0264900662251657,151,4,19898,HADOOP,ai_era,1
4904,1.5115303983228512,477,4,32829,HADOOP,pre_ai,1
1027,2.571428571428572,91,1,6976,CAMEL,ai_era,1
92,1.5,12,1,750,CAMEL,ai_era,1
58,5.0,2,1,410,CAMEL,ai_era,1
730,3.7777777777777777,9,2,4589,HADOOP,ai_era,1
7423,1.9067796610169487,590,17,48772,HADOOP,ai_era,1
992,1.6779661016949152,118,11,6827,CAMEL,ai_era,1
206,1.2666666666666666,30,2,1145,CAMEL,ai_era,1
118,4.8,5,1,932,CAMEL,pre_ai,1
2443,6.010526315789473,95,3,18709,CAMEL,ai_era,1
222,2.210526315789474,19,1,1584,CAMEL,pre_ai,1
2476,2.49438202247191,178,2,16826,HADOOP,ai_era,1
469,1.146341463414634,82,2,2810,CAMEL,ai_era,1
9715,2.481786133960047,851,26,68357,CAMEL,pre_ai,1
760,1.0985915492957747,142,3,3608,CAMEL,pre_ai,1
1232,6.520833333333333,48,1,9151,CAMEL,ai_era,1
245,2.0,19,1,1690,HADOOP,ai_era,1
936,1.9859154929577465,71,1,6407,HADOOP,pre_ai,1
280,2.1724137931034484,29,3,1699,CAMEL,ai_era,1
2951,1.7747440273037542,293,27,22125,HADOOP,ai_era,1
1120,1.4217687074829932,147,10,6608,CAMEL,pre_ai,1
1337,2.8823529411764706,85,2,8829,HADOOP,pre_ai,1
1159,3.25,48,3,8496,HADOOP,ai_era,1
1164,1.8794326241134751,141,7,8086,CAMEL,pre_ai,1
566,2.618181818181818,55,3,3775,CAMEL,pre_ai,1
940,1.4035087719298245,114,1,5501,HADOOP,ai_era,1
231,1.4827586206896552,29,5,1471,CAMEL,ai_era,1
876,1.58,100,2,5837,CAMEL,pre_ai,1
361,3.4444444444444446,18,1,2305,HADOOP,pre_ai,1
1048,2.858974358974359,78,1,6707,HADOOP,pre_ai,1
214,2.6,10,1,1207,HADOOP,ai_era,1
1570,2.11875,160,3,11100,CAMEL,ai_era,1
955,2.0350877192982457,114,7,6516,HADOOP,pre_ai,1
274,2.4444444444444446,18,1,1744,HADOOP,pre_ai,1
361,2.2,25,2,2555,CAMEL,pre_ai,1
6033,1.9690265486725664,452,20,39715,HADOOP,ai_era,1
436,2.548387096774193,31,1,2836,HADOOP,ai_era,1
519,1.6027397260273972,73,3,3306,CAMEL,pre_ai,1
123,6.25,4,1,1134,CAMEL,ai_era,1
708,2.6041666666666665,48,4,4743,HADOOP,ai_era,1
974,3.048192771084337,83,1,6758,HADOOP,pre_ai,1
274,1.5813953488372092,43,2,1822,CAMEL,ai_era,1
200,1.2727272727272727,33,5,1314,CAMEL,pre_ai,1
517,1.7627118644067796,59,2,3368,HADOOP,pre_ai,1
120,1.4444444444444444,9,2,1169,CAMEL,pre_ai,1
88,1.4,10,2,591,HADOOP,pre_ai,1
302,3.0,16,1,2242,HADOOP,ai_era,1
249,1.7179487179487178,39,1,1671,HADOOP,pre_ai,1
534,3.305555555555556,36,1,3484,HADOOP,pre_ai,1
358,3.842105263157895,19,1,2489,HADOOP,ai_era,1
167,2.909090909090909,11,1,1339,CAMEL,pre_ai,1
4453,2.33,400,2,27732,HADOOP,ai_era,1
183,2.764705882352941,17,1,1469,CAMEL,ai_era,1
361,2.761904761904762,21,7,2778,CAMEL,pre_ai,1
2542,2.480916030534351,131,5,18272,HADOOP,ai_era,1
1895,7.8059701492537314,67,3,15980,CAMEL,ai_era,1
1199,5.645161290322581,62,4,8638,CAMEL,ai_era,1
20,1.0,4,1,89,CAMEL,ai_era,1
47,1.6,5,1,337,HADOOP,ai_era,1
173,5.333333333333333,6,1,1331,CAMEL,pre_ai,1
502,2.07843137254902,51,6,3303,CAMEL,pre_ai,1
574,2.5945945945945947,37,11,4337,CAMEL,ai_era,1
214,2.7142857142857144,14,1,1474,HADOOP,ai_era,1
1175,3.333333333333333,63,1,8061,HADOOP,ai_era,1
817,2.583333333333333,96,2,5245,CAMEL,pre_ai,1
304,2.2,40,3,2009,CAMEL,pre_ai,1
120,1.1538461538461535,13,2,800,CAMEL,ai_era,1
137,1.8333333333333333,12,1,967,CAMEL,ai_era,1
3146,2.9380952380952383,210,3,20198,HADOOP,pre_ai,1
567,2.358490566037736,53,1,3998,CAMEL,pre_ai,1
1708,2.137142857142857,175,3,11494,HADOOP,pre_ai,1
411,1.6666666666666667,48,2,3478,CAMEL,pre_ai,1
71,1.1666666666666667,12,1,439,HADOOP,ai_era,1
158,1.1666666666666667,36,1,1221,CAMEL,ai_era,1
89,2.875,8,1,625,CAMEL,pre_ai,1
28,2.0,3,1,191,CAMEL,ai_era,1
2681,2.076923076923077,234,2,16534,HADOOP,pre_ai,1
3678,2.2912912912912917,333,3,23343,HADOOP,ai_era,1
822,3.704545454545455,44,2,6687,CAMEL,ai_era,1
8356,1.7836676217765044,698,16,51596,HADOOP,ai_era,1
295,4.5,14,1,2269,CAMEL,ai_era,1
223,3.2666666666666666,15,1,1476,HADOOP,pre_ai,1
3375,1.9844357976653697,257,1,21160,HADOOP,ai_era,1
117,1.0,24,7,564,CAMEL,pre_ai,1
92,1.8,10,2,576,CAMEL,pre_ai,1
3414,2.3560975609756096,205,7,21469,HADOOP,ai_era,1
133,2.2,15,1,759,CAMEL,ai_era,1
692,4.342857142857143,35,7,5544,CAMEL,ai_era,1
9137,1.597911227154047,766,19,52647,HADOOP,ai_era,1
4734,2.1875,320,3,29264,HADOOP,ai_era,1
110,1.8333333333333333,12,2,863,CAMEL,ai_era,1
6326,1.6342141863699582,719,9,40513,HADOOP,pre_ai,1
1354,2.5725806451612905,124,1,8181,CAMEL,pre_ai,1
240,2.933333333333333,15,5,1716,HADOOP,pre_ai,1
1554,6.25925925925926,54,2,12686,CAMEL,pre_ai,1
64,3.0,3,1,571,CAMEL,pre_ai,1
1753,2.4,120,2,11799,HADOOP,ai_era,1
3747,5.152173913043479,138,14,28915,CAMEL,ai_era,1
1310,1.4849785407725322,233,3,7918,CAMEL,pre_ai,1
1927,1.1713554987212276,391,6,11579,CAMEL,pre_ai,1
6444,7.301980198019802,202,9,53719,CAMEL,ai_era,1
4511,2.9879518072289155,249,4,29650,HADOOP,pre_ai,1
1747,2.75,124,5,11466,CAMEL,pre_ai,1
4128,3.479553903345725,269,6,27470,HADOOP,pre_ai,1
246,3.0,17,3,1904,CAMEL,pre_ai,1
670,2.3181818181818183,44,3,4418,HADOOP,pre_ai,1
322,2.571428571428572,21,2,2107,HADOOP,ai_era,1
52,4.5,2,1,352,CAMEL,ai_era,1
195,2.1904761904761907,21,2,1298,CAMEL,ai_era,1
1143,2.0,99,8,8161,HADOOP,pre_ai,1
535,2.272727272727273,44,1,3354,HADOOP,ai_era,1
1073,2.4578313253012047,83,2,7746,HADOOP,pre_ai,1
58490,2.807766455521895,3631,133,406555,HADOOP,ai_era,1
71,2.0,7,1,409,HADOOP,ai_era,1
1515,2.8046875,128,2,10174,HADOOP,pre_ai,1
1090,1.834782608695652,115,2,6639,CAMEL,ai_era,1
2814,1.831858407079646,226,3,18896,HADOOP,ai_era,1
28,2.0,1,1,303,CAMEL,ai_era,1
1513,4.023255813953488,86,1,10068,HADOOP,pre_ai,1
668,1.0869565217391304,138,4,3548,CAMEL,ai_era,1
86562,2.5996932515337425,5868,136,566443,HADOOP,ai_era,1
6709,5.103202846975089,281,13,49371,CAMEL,ai_era,1
149,2.142857142857143,7,1,887,HADOOP,pre_ai,1
131,2.0,14,1,799,HADOOP,ai_era,1
359,2.136363636363636,44,3,2324,CAMEL,ai_era,1
3172,2.953488372093023,215,4,20443,HADOOP,pre_ai,1
1560,1.1574468085106382,235,9,12119,CAMEL,ai_era,1
64,1.7142857142857142,7,1,449,HADOOP,pre_ai,1
100,1.8571428571428568,7,1,720,HADOOP,pre_ai,1
427,1.0,1,1,2283,HADOOP,ai_era,1
2221,3.307142857142857,140,1,13588,HADOOP,pre_ai,1
38,1.25,8,1,376,CAMEL,pre_ai,1
525,5.464285714285714,28,3,5527,HADOOP,pre_ai,1
735,3.971014492753623,69,1,5046,CAMEL,ai_era,1
238,1.3076923076923077,26,6,1556,HADOOP,ai_era,1
223,3.75,8,1,1771,HADOOP,ai_era,1
1340,2.8969072164948453,97,1,8148,HADOOP,pre_ai,1
346,1.4137931034482758,29,8,2602,CAMEL,pre_ai,1
24,1.0,1,1,190,CAMEL,pre_ai,1
222,4.071428571428571,14,1,1668,CAMEL,pre_ai,1
5212,5.60377358490566,212,12,41322,CAMEL,ai_era,1
822,2.6625,80,1,5571,CAMEL,pre_ai,1
163,3.25,8,1,1287,CAMEL,ai_era,1
723,3.152173913043478,46,3,5075,CAMEL,ai_era,1
77,2.142857142857143,7,1,624,CAMEL,ai_era,1
413,2.232558139534884,43,4,3129,CAMEL,pre_ai,1
283,1.4146341463414631,41,1,1645,HADOOP,ai_era,1
90,2.6,5,1,593,CAMEL,ai_era,1
938,2.142857142857143,84,9,6806,CAMEL,ai_era,1
938,6.926829268292683,41,1,6959,CAMEL,pre_ai,1
21339,2.9318181818181817,1672,200,154800,HADOOP,pre_ai,1
237,1.625,24,4,1798,CAMEL,pre_ai,1
860,2.923076923076923,52,4,7089,HADOOP,pre_ai,1
363,1.7777777777777777,45,1,2029,CAMEL,ai_era,1
2669,2.1683168316831685,202,6,18314,HADOOP,pre_ai,1
164,4.428571428571429,7,1,1325,CAMEL,pre_ai,1
179,2.333333333333333,24,1,987,CAMEL,ai_era,1
1802,2.652439024390244,164,1,12031,HADOOP,pre_ai,1
94,2.0,1,1,808,CAMEL,pre_ai,1
754,1.825242718446602,103,3,4961,CAMEL,pre_ai,1
1337,2.04635761589404,151,3,9014,CAMEL,ai_era,1
427,1.0,1,1,2283,HADOOP,ai_era,1
342,1.7727272727272727,44,1,2230,HADOOP,ai_era,1
1972,1.4336283185840708,226,35,12970,HADOOP,ai_era,1
365,1.836734693877551,49,3,2276,CAMEL,pre_ai,1
200,1.3333333333333333,30,1,1251,CAMEL,pre_ai,1
466,1.8823529411764703,17,1,3648,HADOOP,pre_ai,1
140,3.5,12,1,840,CAMEL,ai_era,1
102,2.272727272727273,11,1,709,HADOOP,ai_era,1
107,3.333333333333333,6,1,814,CAMEL,ai_era,1
421,2.7333333333333334,15,1,3636,HADOOP,pre_ai,1
621,1.818181818181818,66,7,4163,CAMEL,pre_ai,1
470,3.2439024390243905,41,6,3573,CAMEL,ai_era,1
423,3.259259259259259,27,1,2791,HADOOP,pre_ai,1
705,1.208955223880597,134,3,4143,CAMEL,pre_ai,1
244,7.1,10,1,1742,CAMEL,pre_ai,1
330,1.8888888888888888,27,1,1970,HADOOP,pre_ai,1
519,1.7777777777777777,36,2,3822,HADOOP,ai_era,1
401,3.619047619047619,21,1,2759,HADOOP,pre_ai,1
4312,2.094555873925501,349,6,28702,HADOOP,ai_era,1
1398,1.22265625,256,2,7775,CAMEL,pre_ai,1
2490,2.732558139534884,172,4,15834,HADOOP,pre_ai,1
547,2.6538461538461537,26,2,3864,CAMEL,ai_era,1
1448,2.888888888888889,90,1,9272,HADOOP,pre_ai,1
419,4.0,21,1,3517,CAMEL,pre_ai,1
1668,2.784172661870504,139,5,12420,CAMEL,pre_ai,1
220,4.818181818181818,11,1,1815,CAMEL,ai_era,1
2125,1.6627450980392158,255,1,13188,HADOOP,pre_ai,1
1967,2.9558823529411766,136,1,12350,HADOOP,pre_ai,1
194,3.8,10,1,1447,CAMEL,ai_era,1
288,2.2857142857142856,21,7,2016,CAMEL,ai_era,1
783,3.365853658536585,41,1,4853,HADOOP,ai_era,1
873,3.0816326530612246,49,1,7000,HADOOP,pre_ai,1
2072,2.6578947368421053,114,4,13300,HADOOP,ai_era,1
648,3.0454545454545454,44,2,5326,CAMEL,pre_ai,1
114,3.0,10,1,745,CAMEL,pre_ai,1
708,1.9014084507042253,71,6,4962,CAMEL,pre_ai,1
1246,6.177777777777778,45,2,9909,CAMEL,ai_era,1
266,1.411764705882353,34,2,1670,CAMEL,ai_era,1
486,1.5405405405405406,74,4,3117,CAMEL,ai_era,1
520,3.333333333333333,6,3,3130,HADOOP,pre_ai,1
108,1.5384615384615383,13,1,745,CAMEL,ai_era,1
2776,4.828125,128,6,21315,CAMEL,ai_era,1
706,3.918918918918919,37,1,6822,CAMEL,pre_ai,1
2214,2.55,200,7,16447,CAMEL,pre_ai,1
483,4.2631578947368425,19,2,3614,CAMEL,ai_era,1
131,1.0740740740740742,27,1,705,CAMEL,pre_ai,1
178,2.0,17,1,1200,CAMEL,pre_ai,1
52,1.5,8,1,337,HADOOP,ai_era,1
1241,2.826530612244898,98,4,9349,CAMEL,pre_ai,1
3654,2.2652439024390243,328,2,23127,HADOOP,ai_era,1
1484,2.565217391304348,138,1,8862,CAMEL,ai_era,1
148,1.4193548387096775,31,1,846,CAMEL,pre_ai,1
281,2.0869565217391304,23,1,1810,HADOOP,ai_era,1
1173,4.405797101449275,69,1,7615,CAMEL,ai_era,1
1819,2.2419354838709675,186,14,13025,CAMEL,pre_ai,1
603,5.2,30,1,4542,CAMEL,pre_ai,1
3928,2.2410714285714284,336,3,25513,HADOOP,ai_era,1
9543,1.6417233560090705,882,13,55878,HADOOP,ai_era,1
190,2.5625,16,1,1987,CAMEL,pre_ai,1
457,2.0294117647058822,34,1,3127,HADOOP,ai_era,1
1863,21.53846153846154,26,1,14183,CAMEL,ai_era,1
1174,2.794117647058824,102,2,7722,CAMEL,ai_era,1
2801,3.355670103092784,194,1,18161,HADOOP,pre_ai,1
309,3.0,15,1,1876,HADOOP,pre_ai,1
265,2.1379310344827585,29,1,1805,CAMEL,ai_era,1
1330,5.9,60,1,10128,HADOOP,pre_ai,1
2165,1.568904593639576,283,18,13833,CAMEL,ai_era,1
183,1.375,32,1,1148,CAMEL,pre_ai,1
983,4.448979591836735,49,1,6566,HADOOP,pre_ai,1
7040,2.1496881496881497,481,16,48154,HADOOP,ai_era,1
494,2.2777777777777777,54,1,3241,CAMEL,ai_era,1
1978,6.523076923076923,65,2,14491,CAMEL,ai_era,1
2736,1.3930753564154783,491,5,15787,CAMEL,pre_ai,1
385,1.4901960784313726,51,5,2295,CAMEL,ai_era,1
655,3.731707317073171,41,1,4700,CAMEL,pre_ai,1
2602,3.096590909090909,176,2,16407,HADOOP,pre_ai,1
333,3.0,19,1,2207,HADOOP,ai_era,1
704,2.3472222222222223,72,1,4442,HADOOP,pre_ai,1
613,1.4767441860465116,86,3,4184,CAMEL,ai_era,1
143,2.8181818181818183,11,2,1106,HADOOP,pre_ai,1
812,2.6,65,1,5153,HADOOP,pre_ai,1
883,6.0,35,1,6814,CAMEL,ai_era,1
6540,2.754424778761062,452,8,43841,HADOOP,pre_ai,1
1703,2.772727272727273,88,1,12190,HADOOP,ai_era,1
120,2.5,6,1,957,HADOOP,ai_era,1
321,1.4594594594594594,37,1,2179,CAMEL,ai_era,1
808,4.029411764705882,34,1,7014,CAMEL,ai_era,1
102,2.4,10,1,683,CAMEL,pre_ai,1
3427,1.7865853658536586,328,5,23189,HADOOP,pre_ai,1
382,3.5454545454545454,22,1,3036,CAMEL,ai_era,1
1040,1.935185185185185,108,17,6678,HADOOP,ai_era,1
1201,3.0,80,1,7914,HADOOP,pre_ai,1
763,3.4782608695652173,46,5,5987,CAMEL,pre_ai,1
396,4.08,25,1,2931,CAMEL,ai_era,1
4116,3.173469387755102,294,3,26905,HADOOP,pre_ai,1
332,1.8035714285714288,56,1,1913,CAMEL,pre_ai,1
412,2.290322580645161,31,1,2666,HADOOP,ai_era,1
112,1.625,16,1,846,CAMEL,pre_ai,1
668,3.176470588235294,34,1,5049,HADOOP,pre_ai,1
866,3.078125,64,1,6023,CAMEL,ai_era,1
57,3.0,4,1,411,CAMEL,pre_ai,1
416,4.842105263157895,19,2,3418,CAMEL,ai_era,1
1832,7.56140350877193,57,1,13686,CAMEL,ai_era,1
77,2.0,4,1,703,CAMEL,pre_ai,1
66,5.0,2,1,438,HADOOP,pre_ai,1
513,2.878787878787879,33,1,3549,HADOOP,pre_ai,1
664,2.1639344262295084,61,1,4007,HADOOP,ai_era,1
159,2.555555555555556,9,1,1238,HADOOP,ai_era,1
497,2.2222222222222223,54,2,3548,CAMEL,pre_ai,1
486,4.380952380952381,21,1,4084,CAMEL,ai_era,1
254,1.8636363636363635,22,3,2172,CAMEL,pre_ai,1
102,1.2666666666666666,15,1,686,CAMEL,ai_era,1
3220,2.242424242424242,297,2,20103,HADOOP,ai_era,1
283,1.2222222222222223,45,3,1768,CAMEL,pre_ai,1
34,1.75,4,1,220,CAMEL,pre_ai,1
106,1.3043478260869563,23,2,654,CAMEL,pre_ai,1
234,2.631578947368421,19,1,1760,CAMEL,ai_era,1
3190,1.9156626506024097,249,2,19538,HADOOP,ai_era,1
466,1.6290322580645162,62,1,3283,CAMEL,ai_era,1
811,4.096774193548387,31,2,4791,CAMEL,ai_era,1
315,1.3076923076923077,52,3,1947,CAMEL,pre_ai,1
522,3.1724137931034484,29,1,4402,CAMEL,pre_ai,1
286,1.930232558139535,43,2,1705,CAMEL,pre_ai,1
302,2.227272727272727,22,1,2062,HADOOP,ai_era,1
401,1.4426229508196722,61,6,2745,CAMEL,pre_ai,1
51,1.25,8,1,301,CAMEL,pre_ai,1
471,1.9777777777777776,45,4,3092,HADOOP,pre_ai,1
2075,1.3854961832061068,262,8,15164,CAMEL,ai_era,1
49,6.0,1,1,293,HADOOP,pre_ai,1
147,2.1875,16,1,1211,CAMEL,pre_ai,1
227,3.1875,16,1,1636,CAMEL,pre_ai,1
1500,3.1029411764705883,68,2,9196,HADOOP,ai_era,1
266,1.9565217391304348,23,1,1739,CAMEL,ai_era,1
10343,5.155555555555556,495,16,80607,CAMEL,ai_era,1
133,5.5,2,1,963,CAMEL,pre_ai,1
2261,5.67816091954023,87,1,17844,CAMEL,ai_era,1
4667,2.4104938271604937,324,10,28529,HADOOP,ai_era,1
461,3.129032258064516,31,1,3338,CAMEL,ai_era,1
69,3.333333333333333,3,1,639,CAMEL,pre_ai,1
72,1.0,1,1,614,HADOOP,pre_ai,1
50,2.0,5,1,297,HADOOP,pre_ai,1
815,3.2857142857142856,63,1,5769,CAMEL,ai_era,1
4774,1.8527918781725887,394,7,30986,HADOOP,ai_era,1
71,2.8,5,1,485,HADOOP,pre_ai,1
4262,1.9566003616636527,553,15,28652,CAMEL,pre_ai,1
3963,3.147368421052632,285,3,26650,HADOOP,pre_ai,1
271,4.666666666666667,12,1,2147,CAMEL,pre_ai,1
1136,3.7384615384615385,65,1,7248,HADOOP,pre_ai,1
689,2.708333333333333,48,1,3836,HADOOP,pre_ai,1
3702,1.8333333333333333,300,2,22980,HADOOP,ai_era,1
3620,1.875,288,3,22559,HADOOP,ai_era,1
456,2.7777777777777777,36,2,3224,CAMEL,pre_ai,1
3892,2.8967741935483877,155,4,25198,HADOOP,pre_ai,1
1511,2.5225225225225225,111,2,9561,HADOOP,pre_ai,1
338,1.9142857142857144,35,2,2354,CAMEL,ai_era,1
298,1.3548387096774193,31,1,1617,HADOOP,pre_ai,1
412,2.290322580645161,31,1,2666,HADOOP,ai_era,1
112,1.625,16,1,846,CAMEL,pre_ai,1
668,3.176470588235294,34,1,5049,HADOOP,pre_ai,1
866,3.078125,64,1,6023,CAMEL,ai_era,1
57,3.0,4,1,411,CAMEL,pre_ai,1
416,4.842105263157895,19,2,3418,CAMEL,ai_era,1
1832,7.56140350877193,57,1,13686,CAMEL,ai_era,1
77,2.0,4,1,703,CAMEL,pre_ai,1
66,5.0,2,1,438,HADOOP,pre_ai,1
513,2.878787878787879,33,1,3549,HADOOP,pre_ai,1
664,2.1639344262295084,61,1,4007,HADOOP,ai_era,1
159,2.555555555555556,9,1,1238,HADOOP,ai_era,1
497,2.2222222222222223,54,2,3548,CAMEL,pre_ai,1
486,4.380952380952381,21,1,4084,CAMEL,ai_era,1
254,1.8636363636363635,22,3,2172,CAMEL,pre_ai,1
102,1.2666666666666666,15,1,686,CAMEL,ai_era,1
3220,2.242424242424242,297,2,20103,HADOOP,ai_era,1
283,1.2222222222222223,45,3,1768,CAMEL,pre_ai,1
34,1.75,4,1,220,CAMEL,pre_ai,1
106,1.3043478260869563,23,2,654,CAMEL,pre_ai,1
234,2.631578947368421,19,1,1760,CAMEL,ai_era,1
3190,1.9156626506024097,249,2,19538,HADOOP,ai_era,1
466,1.6290322580645162,62,1,3283,CAMEL,ai_era,1
811,4.096774193548387,31,2,4791,CAMEL,ai_era,1
315,1.3076923076923077,52,3,1947,CAMEL,pre_ai,1
522,3.1724137931034484,29,1,4402,CAMEL,pre_ai,1
286,1.930232558139535,43,2,1705,CAMEL,pre_ai,1
302,2.227272727272727,22,1,2062,HADOOP,ai_era,1
401,1.4426229508196722,61,6,2745,CAMEL,pre_ai,1
51,1.25,8,1,301,CAMEL,pre_ai,1
471,1.9777777777777776,45,4,3092,HADOOP,pre_ai,1
2075,1.3854961832061068,262,8,15164,CAMEL,ai_era,1
49,6.0,1,1,293,HADOOP,pre_ai,1
147,2.1875,16,1,1211,CAMEL,pre_ai,1
227,3.1875,16,1,1636,CAMEL,pre_ai,1
1500,3.1029411764705883,68,2,9196,HADOOP,ai_era,1
266,1.9565217391304348,23,1,1739,CAMEL,ai_era,1
10343,5.155555555555556,495,16,80607,CAMEL,ai_era,1
133,5.5,2,1,963,CAMEL,pre_ai,1
2261,5.67816091954023,87,1,17844,CAMEL,ai_era,1
4667,2.4104938271604937,324,10,28529,HADOOP,ai_era,1
461,3.129032258064516,31,1,3338,CAMEL,ai_era,1
69,3.333333333333333,3,1,639,CAMEL,pre_ai,1
72,1.0,1,1,614,HADOOP,pre_ai,1
50,2.0,5,1,297,HADOOP,pre_ai,1
815,3.2857142857142856,63,1,5769,CAMEL,ai_era,1
4774,1.8527918781725887,394,7,30986,HADOOP,ai_era,1
71,2.8,5,1,485,HADOOP,pre_ai,1
4262,1.9566003616636527,553,15,28652,CAMEL,pre_ai,1
3963,3.147368421052632,285,3,26650,HADOOP,pre_ai,1
271,4.666666666666667,12,1,2147,CAMEL,pre_ai,1
1136,3.7384615384615385,65,1,7248,HADOOP,pre_ai,1
689,2.708333333333333,48,1,3836,HADOOP,pre_ai,1
3702,1.8333333333333333,300,2,22980,HADOOP,ai_era,1
3620,1.875,288,3,22559,HADOOP,ai_era,1
456,2.7777777777777777,36,2,3224,CAMEL,pre_ai,1
3892,2.8967741935483877,155,4,25198,HADOOP,pre_ai,1
1511,2.5225225225225225,111,2,9561,HADOOP,pre_ai,1
338,1.9142857142857144,35,2,2354,CAMEL,ai_era,1
298,1.3548387096774193,31,1,1617,HADOOP,pre_ai,1
171,2.1818181818181817,22,2,1156,CAMEL,pre_ai,1
301,9.428571428571429,7,1,2498,CAMEL,pre_ai,1
2661,2.0043103448275863,232,8,16742,HADOOP,ai_era,1
512,2.333333333333333,48,3,3405,CAMEL,pre_ai,1
430,2.238095238095238,42,2,2446,HADOOP,ai_era,1
542,1.3717948717948718,78,3,3390,CAMEL,ai_era,1
1774,3.801980198019802,101,1,11158,HADOOP,pre_ai,1
597,2.763157894736842,38,2,3847,HADOOP,pre_ai,1
47,1.3333333333333333,3,2,331,CAMEL,ai_era,1
5630,24.701149425287355,87,8,39083,CAMEL,ai_era,1
123,2.2,10,1,872,CAMEL,ai_era,1
12377,2.8119022316684377,941,23,82515,HADOOP,pre_ai,1
294,2.55,20,1,1976,HADOOP,pre_ai,1
729,5.166666666666667,36,1,5669,CAMEL,ai_era,1
50,1.4285714285714286,7,1,338,CAMEL,pre_ai,1
246,1.0,60,1,1112,CAMEL,ai_era,1
1939,1.9019607843137252,204,16,12576,HADOOP,pre_ai,1
153,1.7142857142857142,14,2,1128,CAMEL,ai_era,1
7109,1.4879614767255216,623,14,40033,HADOOP,ai_era,1
99,3.6,5,1,713,CAMEL,ai_era,1
20,1.3333333333333333,3,1,137,CAMEL,pre_ai,1
2869,2.431451612903226,248,1,17979,HADOOP,pre_ai,1
2294,2.629107981220657,213,1,15260,HADOOP,pre_ai,1
93,1.3636363636363635,11,1,719,CAMEL,ai_era,1
1139,2.1666666666666665,78,2,7776,HADOOP,ai_era,1
1688,1.53551912568306,183,19,11927,CAMEL,ai_era,1
4213,3.6345514950166113,301,4,31213,CAMEL,ai_era,1
510,2.833333333333333,36,1,3591,HADOOP,pre_ai,1
21,1.0,6,1,136,CAMEL,pre_ai,1
233,2.421052631578948,19,1,1671,CAMEL,pre_ai,1
123,3.857142857142857,7,1,941,CAMEL,pre_ai,1
411,2.5789473684210527,38,2,2709,HADOOP,pre_ai,1
392,1.78125,32,1,2319,HADOOP,ai_era,1
1414,2.388349514563106,103,1,9483,HADOOP,ai_era,1
43,1.8333333333333333,6,1,280,CAMEL,pre_ai,1
431,2.1379310344827585,29,3,2531,HADOOP,pre_ai,1
644,2.6,60,1,4721,HADOOP,pre_ai,1
487,3.027027027027027,37,1,3096,HADOOP,pre_ai,1
154,4.625,8,1,1143,CAMEL,pre_ai,1
254,3.3076923076923075,13,1,1941,HADOOP,ai_era,1
120,3.8,5,1,830,HADOOP,pre_ai,1
976,1.3008849557522124,113,27,6716,CAMEL,ai_era,1
637,2.125,8,2,3735,HADOOP,ai_era,1
776,2.9607843137254903,51,2,4720,HADOOP,pre_ai,1
29,1.0,3,2,172,CAMEL,pre_ai,1
1924,5.71578947368421,95,4,16703,CAMEL,ai_era,1
471,4.16,25,1,4288,CAMEL,pre_ai,1
217,1.2692307692307692,26,1,1356,HADOOP,ai_era,1
150,2.0526315789473686,19,1,1192,CAMEL,pre_ai,1
74,2.8,5,1,626,CAMEL,pre_ai,1
2869,3.0264900662251657,151,4,19898,HADOOP,ai_era,1
4904,1.5115303983228512,477,4,32829,HADOOP,pre_ai,1
1027,2.571428571428572,91,1,6976,CAMEL,ai_era,1
92,1.5,12,1,750,CAMEL,ai_era,1
58,5.0,2,1,410,CAMEL,ai_era,1
730,3.7777777777777777,9,2,4589,HADOOP,ai_era,1
7423,1.9067796610169487,590,17,48772,HADOOP,ai_era,1
992,1.6779661016949152,118,11,6827,CAMEL,ai_era,1
206,1.2666666666666666,30,2,1145,CAMEL,ai_era,1
118,4.8,5,1,932,CAMEL,pre_ai,1
2443,6.010526315789473,95,3,18709,CAMEL,ai_era,1
222,2.210526315789474,19,1,1584,CAMEL,pre_ai,1
2476,2.49438202247191,178,2,16826,HADOOP,ai_era,1
469,1.146341463414634,82,2,2810,CAMEL,ai_era,1
9715,2.481786133960047,851,26,68357,CAMEL,pre_ai,1
760,1.0985915492957747,142,3,3608,CAMEL,pre_ai,1
1232,6.520833333333333,48,1,9151,CAMEL,ai_era,1
245,2.0,19,1,1690,HADOOP,ai_era,1
936,1.9859154929577465,71,1,6407,HADOOP,pre_ai,1
280,2.1724137931034484,29,3,1699,CAMEL,ai_era,1
2951,1.7747440273037542,293,27,22125,HADOOP,ai_era,1
1120,1.4217687074829932,147,10,6608,CAMEL,pre_ai,1
1337,2.8823529411764706,85,2,8829,HADOOP,pre_ai,1
1159,3.25,48,3,8496,HADOOP,ai_era,1
1164,1.8794326241134751,141,7,8086,CAMEL,pre_ai,1
566,2.618181818181818,55,3,3775,CAMEL,pre_ai,1
940,1.4035087719298245,114,1,5501,HADOOP,ai_era,1
231,1.4827586206896552,29,5,1471,CAMEL,ai_era,1
876,1.58,100,2,5837,CAMEL,pre_ai,1
361,3.4444444444444446,18,1,2305,HADOOP,pre_ai,1
1048,2.858974358974359,78,1,6707,HADOOP,pre_ai,1
214,2.6,10,1,1207,HADOOP,ai_era,1
1570,2.11875,160,3,11100,CAMEL,ai_era,1
955,2.0350877192982457,114,7,6516,HADOOP,pre_ai,1
274,2.4444444444444446,18,1,1744,HADOOP,pre_ai,1
361,2.2,25,2,2555,CAMEL,pre_ai,1
6033,1.9690265486725664,452,20,39715,HADOOP,ai_era,1
436,2.548387096774193,31,1,2836,HADOOP,ai_era,1
519,1.6027397260273972,73,3,3306,CAMEL,pre_ai,1
123,6.25,4,1,1134,CAMEL,ai_era,1
708,2.6041666666666665,48,4,4743,HADOOP,ai_era,1
974,3.048192771084337,83,1,6758,HADOOP,pre_ai,1
274,1.5813953488372092,43,2,1822,CAMEL,ai_era,1
200,1.2727272727272727,33,5,1314,CAMEL,pre_ai,1
517,1.7627118644067796,59,2,3368,HADOOP,pre_ai,1
120,1.4444444444444444,9,2,1169,CAMEL,pre_ai,1
88,1.4,10,2,591,HADOOP,pre_ai,1
302,3.0,16,1,2242,HADOOP,ai_era,1
249,1.7179487179487178,39,1,1671,HADOOP,pre_ai,1
534,3.305555555555556,36,1,3484,HADOOP,pre_ai,1
358,3.842105263157895,19,1,2489,HADOOP,ai_era,1
167,2.909090909090909,11,1,1339,CAMEL,pre_ai,1
4453,2.33,400,2,27732,HADOOP,ai_era,1
183,2.764705882352941,17,1,1469,CAMEL,ai_era,1
361,2.761904761904762,21,7,2778,CAMEL,pre_ai,1
2542,2.480916030534351,131,5,18272,HADOOP,ai_era,1
1895,7.8059701492537314,67,3,15980,CAMEL,ai_era,1
1199,5.645161290322581,62,4,8638,CAMEL,ai_era,1
20,1.0,4,1,89,CAMEL,ai_era,1
47,1.6,5,1,337,HADOOP,ai_era,1
173,5.333333333333333,6,1,1331,CAMEL,pre_ai,1
502,2.07843137254902,51,6,3303,CAMEL,pre_ai,1
574,2.5945945945945947,37,11,4337,CAMEL,ai_era,1
214,2.7142857142857144,14,1,1474,HADOOP,ai_era,1
1175,3.333333333333333,63,1,8061,HADOOP,ai_era,1
817,2.583333333333333,96,2,5245,CAMEL,pre_ai,1
304,2.2,40,3,2009,CAMEL,pre_ai,1
120,1.1538461538461535,13,2,800,CAMEL,ai_era,1
137,1.8333333333333333,12,1,967,CAMEL,ai_era,1
3146,2.9380952380952383,210,3,20198,HADOOP,pre_ai,1
567,2.358490566037736,53,1,3998,CAMEL,pre_ai,1
1708,2.137142857142857,175,3,11494,HADOOP,pre_ai,1
411,1.6666666666666667,48,2,3478,CAMEL,pre_ai,1
71,1.1666666666666667,12,1,439,HADOOP,ai_era,1
158,1.1666666666666667,36,1,1221,CAMEL,ai_era,1
89,2.875,8,1,625,CAMEL,pre_ai,1
28,2.0,3,1,191,CAMEL,ai_era,1
2681,2.076923076923077,234,2,16534,HADOOP,pre_ai,1
3678,2.2912912912912917,333,3,23343,HADOOP,ai_era,1
822,3.704545454545455,44,2,6687,CAMEL,ai_era,1
8356,1.7836676217765044,698,16,51596,HADOOP,ai_era,1
295,4.5,14,1,2269,CAMEL,ai_era,1
223,3.2666666666666666,15,1,1476,HADOOP,pre_ai,1
3375,1.9844357976653697,257,1,21160,HADOOP,ai_era,1
117,1.0,24,7,564,CAMEL,pre_ai,1
92,1.8,10,2,576,CAMEL,pre_ai,1
3414,2.3560975609756096,205,7,21469,HADOOP,ai_era,1
133,2.2,15,1,759,CAMEL,ai_era,1
692,4.342857142857143,35,7,5544,CAMEL,ai_era,1
9137,1.597911227154047,766,19,52647,HADOOP,ai_era,1
4734,2.1875,320,3,29264,HADOOP,ai_era,1
110,1.8333333333333333,12,2,863,CAMEL,ai_era,1
6326,1.6342141863699582,719,9,40513,HADOOP,pre_ai,1
1354,2.5725806451612905,124,1,8181,CAMEL,pre_ai,1
240,2.933333333333333,15,5,1716,HADOOP,pre_ai,1
1554,6.25925925925926,54,2,12686,CAMEL,pre_ai,1
64,3.0,3,1,571,CAMEL,pre_ai,1
1753,2.4,120,2,11799,HADOOP,ai_era,1
3747,5.152173913043479,138,14,28915,CAMEL,ai_era,1
1310,1.4849785407725322,233,3,7918,CAMEL,pre_ai,1
1927,1.1713554987212276,391,6,11579,CAMEL,pre_ai,1
6444,7.301980198019802,202,9,53719,CAMEL,ai_era,1
4511,2.9879518072289155,249,4,29650,HADOOP,pre_ai,1
1747,2.75,124,5,11466,CAMEL,pre_ai,1
4128,3.479553903345725,269,6,27470,HADOOP,pre_ai,1
246,3.0,17,3,1904,CAMEL,pre_ai,1
670,2.3181818181818183,44,3,4418,HADOOP,pre_ai,1
322,2.571428571428572,21,2,2107,HADOOP,ai_era,1
52,4.5,2,1,352,CAMEL,ai_era,1
195,2.1904761904761907,21,2,1298,CAMEL,ai_era,1
1143,2.0,99,8,8161,HADOOP,pre_ai,1
535,2.272727272727273,44,1,3354,HADOOP,ai_era,1
1073,2.4578313253012047,83,2,7746,HADOOP,pre_ai,1
58490,2.807766455521895,3631,133,406555,HADOOP,ai_era,1
71,2.0,7,1,409,HADOOP,ai_era,1
1515,2.8046875,128,2,10174,HADOOP,pre_ai,1
1090,1.834782608695652,115,2,6639,CAMEL,ai_era,1
2814,1.831858407079646,226,3,18896,HADOOP,ai_era,1
28,2.0,1,1,303,CAMEL,ai_era,1
1513,4.023255813953488,86,1,10068,HADOOP,pre_ai,1
668,1.0869565217391304,138,4,3548,CAMEL,ai_era,1
86562,2.5996932515337425,5868,136,566443,HADOOP,ai_era,1
6709,5.103202846975089,281,13,49371,CAMEL,ai_era,1
149,2.142857142857143,7,1,887,HADOOP,pre_ai,1
131,2.0,14,1,799,HADOOP,ai_era,1
359,2.136363636363636,44,3,2324,CAMEL,ai_era,1
3172,2.953488372093023,215,4,20443,HADOOP,pre_ai,1
1560,1.1574468085106382,235,9,12119,CAMEL,ai_era,1
64,1.7142857142857142,7,1,449,HADOOP,pre_ai,1
100,1.8571428571428568,7,1,720,HADOOP,pre_ai,1
427,1.0,1,1,2283,HADOOP,ai_era,1
2221,3.307142857142857,140,1,13588,HADOOP,pre_ai,1
38,1.25,8,1,376,CAMEL,pre_ai,1
525,5.464285714285714,28,3,5527,HADOOP,pre_ai,1
735,3.971014492753623,69,1,5046,CAMEL,ai_era,1
238,1.3076923076923077,26,6,1556,HADOOP,ai_era,1
223,3.75,8,1,1771,HADOOP,ai_era,1
1340,2.8969072164948453,97,1,8148,HADOOP,pre_ai,1
346,1.4137931034482758,29,8,2602,CAMEL,pre_ai,1
24,1.0,1,1,190,CAMEL,pre_ai,1
222,4.071428571428571,14,1,1668,CAMEL,pre_ai,1
5212,5.60377358490566,212,12,41322,CAMEL,ai_era,1
822,2.6625,80,1,5571,CAMEL,pre_ai,1
163,3.25,8,1,1287,CAMEL,ai_era,1
723,3.152173913043478,46,3,5075,CAMEL,ai_era,1
77,2.142857142857143,7,1,624,CAMEL,ai_era,1
413,2.232558139534884,43,4,3129,CAMEL,pre_ai,1
283,1.4146341463414631,41,1,1645,HADOOP,ai_era,1
90,2.6,5,1,593,CAMEL,ai_era,1
938,2.142857142857143,84,9,6806,CAMEL,ai_era,1
938,6.926829268292683,41,1,6959,CAMEL,pre_ai,1
21339,2.9318181818181817,1672,200,154800,HADOOP,pre_ai,1
237,1.625,24,4,1798,CAMEL,pre_ai,1
860,2.923076923076923,52,4,7089,HADOOP,pre_ai,1
363,1.7777777777777777,45,1,2029,CAMEL,ai_era,1
2669,2.1683168316831685,202,6,18314,HADOOP,pre_ai,1
164,4.428571428571429,7,1,1325,CAMEL,pre_ai,1
179,2.333333333333333,24,1,987,CAMEL,ai_era,1
1802,2.652439024390244,164,1,12031,HADOOP,pre_ai,1
94,2.0,1,1,808,CAMEL,pre_ai,1
754,1.825242718446602,103,3,4961,CAMEL,pre_ai,1
1337,2.04635761589404,151,3,9014,CAMEL,ai_era,1
427,1.0,1,1,2283,HADOOP,ai_era,1
342,1.7727272727272727,44,1,2230,HADOOP,ai_era,1
1972,1.4336283185840708,226,35,12970,HADOOP,ai_era,1
365,1.836734693877551,49,3,2276,CAMEL,pre_ai,1
200,1.3333333333333333,30,1,1251,CAMEL,pre_ai,1
466,1.8823529411764703,17,1,3648,HADOOP,pre_ai,1
140,3.5,12,1,840,CAMEL,ai_era,1
102,2.272727272727273,11,1,709,HADOOP,ai_era,1
107,3.333333333333333,6,1,814,CAMEL,ai_era,1
421,2.7333333333333334,15,1,3636,HADOOP,pre_ai,1
621,1.818181818181818,66,7,4163,CAMEL,pre_ai,1
470,3.2439024390243905,41,6,3573,CAMEL,ai_era,1
423,3.259259259259259,27,1,2791,HADOOP,pre_ai,1
705,1.208955223880597,134,3,4143,CAMEL,pre_ai,1
244,7.1,10,1,1742,CAMEL,pre_ai,1
330,1.8888888888888888,27,1,1970,HADOOP,pre_ai,1
519,1.7777777777777777,36,2,3822,HADOOP,ai_era,1
401,3.619047619047619,21,1,2759,HADOOP,pre_ai,1
4312,2.094555873925501,349,6,28702,HADOOP,ai_era,1
1398,1.22265625,256,2,7775,CAMEL,pre_ai,1
2490,2.732558139534884,172,4,15834,HADOOP,pre_ai,1
547,2.6538461538461537,26,2,3864,CAMEL,ai_era,1
1448,2.888888888888889,90,1,9272,HADOOP,pre_ai,1
419,4.0,21,1,3517,CAMEL,pre_ai,1
1668,2.784172661870504,139,5,12420,CAMEL,pre_ai,1
220,4.818181818181818,11,1,1815,CAMEL,ai_era,1
2125,1.6627450980392158,255,1,13188,HADOOP,pre_ai,1
1967,2.9558823529411766,136,1,12350,HADOOP,pre_ai,1
194,3.8,10,1,1447,CAMEL,ai_era,1
288,2.2857142857142856,21,7,2016,CAMEL,ai_era,1
783,3.365853658536585,41,1,4853,HADOOP,ai_era,1
873,3.0816326530612246,49,1,7000,HADOOP,pre_ai,1
2742,2.5084745762711864,59,6,16261,HADOOP,ai_era,0
63,3.0,2,1,508,HADOOP,pre_ai,0
3276,2.1015228426395938,197,5,23509,HADOOP,ai_era,0
1198,3.1052631578947367,76,4,8541,HADOOP,ai_era,0
435,2.1,30,1,2970,HADOOP,pre_ai,0
145,2.4444444444444446,9,1,1137,HADOOP,pre_ai,0
6882,2.9548532731376973,443,1,43817,HADOOP,pre_ai,0
2293,3.4959349593495936,123,1,16020,HADOOP,pre_ai,0
663,5.068965517241379,29,1,4875,HADOOP,pre_ai,0
596,2.74468085106383,47,1,3465,HADOOP,pre_ai,0
216,1.56,25,1,1616,CAMEL,ai_era,0
451,5.7368421052631575,19,1,3602,CAMEL,ai_era,0
1176,2.551282051282051,78,1,7381,HADOOP,ai_era,0
307,1.6956521739130437,23,3,2232,HADOOP,ai_era,0
1223,3.517857142857143,56,3,10468,CAMEL,ai_era,0
2368,2.613496932515337,163,14,17374,HADOOP,pre_ai,0
5007,2.39375,160,3,28868,HADOOP,ai_era,0
535,2.25,60,5,3436,CAMEL,ai_era,0
1002,4.28125,32,1,7947,HADOOP,ai_era,0
5712,3.0789473684210527,266,7,42943,HADOOP,ai_era,0
93,1.05,20,1,457,CAMEL,ai_era,0
1849,2.556390977443609,133,17,16121,CAMEL,pre_ai,0
3667,3.2777777777777777,198,5,24681,HADOOP,ai_era,0
342,2.2,25,3,2777,HADOOP,ai_era,0
43,1.5,6,2,333,CAMEL,pre_ai,0
86,3.0,5,1,671,CAMEL,pre_ai,0
1457,1.4585635359116025,181,1,9704,HADOOP,ai_era,0
952,4.675675675675675,37,1,6706,HADOOP,pre_ai,0
1436,2.3230769230769237,130,1,9368,HADOOP,ai_era,0
1013,2.631578947368421,57,1,6469,HADOOP,pre_ai,0
2178,2.8,80,7,14023,HADOOP,pre_ai,0
1566,5.010989010989011,91,3,11420,CAMEL,ai_era,0
148,1.9166666666666667,24,3,1193,HADOOP,ai_era,0
778,2.838709677419355,62,3,6548,CAMEL,pre_ai,0
255,2.625,16,1,1579,HADOOP,pre_ai,0
1061,2.4651162790697674,86,1,7949,HADOOP,pre_ai,0
3766,2.882575757575758,264,1,24765,HADOOP,pre_ai,0
173,2.8461538461538463,13,1,1094,HADOOP,ai_era,0
7743,2.576305220883534,498,2,50595,HADOOP,ai_era,0
1934,2.4521739130434783,115,1,12351,HADOOP,ai_era,0
818,4.269230769230769,52,2,6090,CAMEL,ai_era,0
746,5.5588235294117645,34,1,5461,CAMEL,pre_ai,0
719,2.8974358974358974,39,6,5083,HADOOP,ai_era,0
2180,2.061349693251534,163,2,14006,HADOOP,pre_ai,0
2906,1.7474048442906571,289,26,21761,HADOOP,ai_era,0
997,4.413043478260869,46,5,7970,CAMEL,pre_ai,0
2059,2.8181818181818183,121,4,13043,HADOOP,ai_era,0
1836,3.07,100,2,11760,HADOOP,ai_era,0
5196,4.393939393939394,363,7,34733,CAMEL,ai_era,0
1885,2.3372093023255816,86,1,12395,HADOOP,pre_ai,0
365,4.117647058823529,17,1,2510,HADOOP,ai_era,0
683,4.866666666666666,30,2,5391,CAMEL,ai_era,0
60,2.0,6,1,401,CAMEL,pre_ai,0
579,1.4285714285714286,49,1,3538,HADOOP,pre_ai,0
262,5.444444444444445,9,1,1829,HADOOP,pre_ai,0
321,3.235294117647059,17,1,2073,HADOOP,pre_ai,0
1235,9.0,28,1,8749,HADOOP,pre_ai,0
1099,1.9090909090909087,88,6,7127,HADOOP,pre_ai,0
86,4.333333333333333,6,1,629,CAMEL,ai_era,0
480,4.538461538461538,13,1,3711,HADOOP,pre_ai,0
2308,2.6845238095238093,168,3,15737,HADOOP,ai_era,0
7455,4.872053872053872,297,51,59638,CAMEL,ai_era,0
739,1.7261904761904765,84,16,5588,CAMEL,pre_ai,0
8874,1.893430656934307,685,13,64411,HADOOP,ai_era,0
31248,1.174886191198786,5272,240,178050,CAMEL,ai_era,0
3841,1.9753846153846155,325,8,26884,HADOOP,ai_era,0
2970,3.1748633879781423,183,2,19843,HADOOP,ai_era,0
12,1.0,1,1,76,CAMEL,pre_ai,0
4421,3.219730941704036,223,6,27435,HADOOP,pre_ai,0
5032,2.6076555023923444,209,20,31153,HADOOP,pre_ai,0
2242,4.032,125,1,14518,HADOOP,pre_ai,0
4951,3.0406976744186047,172,9,32497,HADOOP,ai_era,0
392,2.5172413793103448,29,3,2969,CAMEL,pre_ai,0
45,8.0,1,1,222,HADOOP,ai_era,0
226,1.75,24,3,1557,CAMEL,pre_ai,0
4242,1.809968847352025,321,2,27053,HADOOP,pre_ai,0
186,1.9090909090909087,11,2,1411,HADOOP,pre_ai,0
1646,2.871287128712871,101,3,11255,HADOOP,pre_ai,0
350,6.461538461538462,13,1,2748,CAMEL,pre_ai,0
311,2.142857142857143,28,1,1809,HADOOP,ai_era,0
2006,2.511904761904762,168,1,12665,HADOOP,pre_ai,0
2105,2.495575221238938,113,2,14386,HADOOP,pre_ai,0
1094,2.3698630136986303,73,1,7122,HADOOP,pre_ai,0
53,1.5,6,1,350,HADOOP,pre_ai,0
1484,7.882352941176471,51,1,11203,CAMEL,ai_era,0
1050,2.806451612903226,62,1,6820,HADOOP,ai_era,0
5256,2.323607427055703,377,8,34849,HADOOP,ai_era,0
9229,2.9489164086687305,646,8,60332,HADOOP,pre_ai,0
2405,2.7596153846153846,104,4,15946,HADOOP,pre_ai,0
35,1.0,3,1,285,HADOOP,ai_era,0
227,2.555555555555556,9,1,1754,HADOOP,pre_ai,0
76,2.25,8,2,469,CAMEL,pre_ai,0
1579,2.2115384615384617,52,4,9157,HADOOP,pre_ai,0
2409,3.7033898305084745,118,3,15940,HADOOP,pre_ai,0
338,2.0,33,1,2407,HADOOP,pre_ai,0
15811,2.3722755013077594,1147,39,101452,HADOOP,ai_era,0
1806,7.325581395348837,43,2,13756,HADOOP,pre_ai,0
505,1.5,34,5,3525,HADOOP,pre_ai,0
4064,3.3955223880597014,268,1,26164,HADOOP,ai_era,0
209,2.055555555555556,18,3,1448,CAMEL,pre_ai,0
2402,3.293103448275862,116,6,16550,HADOOP,pre_ai,0
1350,1.94375,160,5,8797,CAMEL,pre_ai,0
2824,1.3155080213903745,187,8,16569,HADOOP,pre_ai,0
6664,2.457399103139013,446,1,41649,HADOOP,ai_era,0
1604,2.899159663865546,119,1,9930,HADOOP,ai_era,0
2888,2.6,195,2,21422,HADOOP,ai_era,0
86,1.1176470588235294,17,1,565,CAMEL,pre_ai,0
238,1.2777777777777777,36,1,1432,CAMEL,ai_era,0
569,1.5072463768115942,69,1,3414,HADOOP,pre_ai,0
648,4.666666666666667,33,3,5116,CAMEL,pre_ai,0
5810,2.793594306049822,281,7,37377,HADOOP,pre_ai,0
15,1.0,2,1,102,CAMEL,ai_era,0
4029,1.9695945945945943,296,9,32102,HADOOP,ai_era,0
3229,2.3850931677018634,161,8,22135,HADOOP,ai_era,0
584,2.2857142857142856,49,1,4157,HADOOP,pre_ai,0
1145,3.1232876712328768,73,2,7490,HADOOP,pre_ai,0
207,2.0526315789473686,19,1,1526,HADOOP,pre_ai,0
1277,1.4732142857142858,112,2,8293,HADOOP,ai_era,0
48,1.3333333333333333,3,1,403,CAMEL,pre_ai,0
2742,3.4923076923076923,130,2,17350,HADOOP,pre_ai,0
397,6.882352941176471,17,2,2900,CAMEL,ai_era,0
33,1.0,7,2,233,CAMEL,pre_ai,0
140,1.6428571428571428,14,2,1028,HADOOP,ai_era,0
232,1.1590909090909092,44,1,1348,CAMEL,pre_ai,0
353,1.4186046511627908,43,1,2386,CAMEL,ai_era,0
105,1.0,24,1,503,CAMEL,pre_ai,0
502,3.0,43,1,3242,HADOOP,ai_era,0
1604,2.899159663865546,119,1,9930,HADOOP,ai_era,0
3975,2.391857506361323,393,11,27656,HADOOP,pre_ai,0
6671,2.38963963963964,444,17,44882,HADOOP,pre_ai,0
2590,5.724489795918367,98,2,20157,CAMEL,ai_era,0
3787,2.482889733840304,263,13,28711,HADOOP,pre_ai,0
2075,4.875,64,2,14951,HADOOP,pre_ai,0
85,3.5,4,1,653,CAMEL,pre_ai,0
535,1.0404040404040404,99,1,3941,CAMEL,pre_ai,0
141,1.12,25,4,900,CAMEL,pre_ai,0
50,2.0,6,1,393,CAMEL,pre_ai,0
268,2.5294117647058822,17,1,1904,CAMEL,ai_era,0
5939,2.149572649572649,468,5,43941,HADOOP,ai_era,0
7199,2.7355371900826446,484,2,45349,HADOOP,pre_ai,0
62,2.0,1,1,500,HADOOP,pre_ai,0
238,2.9411764705882355,17,1,1735,HADOOP,pre_ai,0
11557,2.7810499359795133,781,3,73935,HADOOP,ai_era,0
1404,3.240963855421686,83,2,8838,HADOOP,pre_ai,0
15989,2.3315548780487805,1312,7,108500,HADOOP,pre_ai,0
3251,2.0539419087136928,241,12,22401,HADOOP,pre_ai,0
5534,2.189814814814815,216,6,32965,HADOOP,ai_era,0
1298,3.883333333333333,60,1,8787,HADOOP,pre_ai,0
3283,2.2295081967213117,305,2,20490,HADOOP,ai_era,0
772,2.619047619047619,42,1,4859,HADOOP,pre_ai,0
743,7.333333333333333,21,1,4611,HADOOP,pre_ai,0
402,5.5625,16,1,3003,HADOOP,ai_era,0
1168,1.6310160427807487,187,2,7349,CAMEL,pre_ai,0
11595,1.7861635220125789,954,25,79085,HADOOP,ai_era,0
2808,2.6547619047619047,168,4,18408,HADOOP,pre_ai,0
603,2.333333333333333,48,1,4043,HADOOP,ai_era,0
72,1.5555555555555556,9,1,495,CAMEL,pre_ai,0
81,1.0,15,1,562,CAMEL,pre_ai,0
8485,2.50177304964539,564,14,57534,HADOOP,pre_ai,0
280,1.8478260869565215,46,1,1687,CAMEL,pre_ai,0
947,2.4411764705882355,68,1,5606,HADOOP,ai_era,0
65,2.6666666666666665,3,1,558,CAMEL,pre_ai,0
435,5.888888888888889,9,1,3534,HADOOP,pre_ai,0
6881,2.479302832244009,459,1,43402,HADOOP,ai_era,0
44,1.0,1,1,241,HADOOP,pre_ai,0
11674,2.8430609597924774,771,3,74558,HADOOP,ai_era,0
1866,3.10077519379845,129,1,13346,HADOOP,pre_ai,0
85,1.3076923076923077,13,1,578,CAMEL,pre_ai,0
562,2.0,44,1,3596,HADOOP,ai_era,0
286,4.357142857142857,14,1,2161,CAMEL,ai_era,0
190,1.0625,48,1,1232,CAMEL,pre_ai,0
36,2.5,2,1,285,CAMEL,ai_era,0
563,2.27027027027027,37,2,3949,HADOOP,pre_ai,0
3384,2.372093023255814,344,1,20009,CAMEL,pre_ai,0
5939,2.149572649572649,468,5,43941,HADOOP,ai_era,0
2208,3.188679245283019,159,3,14758,HADOOP,pre_ai,0
72,1.7142857142857142,7,1,470,HADOOP,pre_ai,0
3366,2.759562841530055,183,6,23036,HADOOP,pre_ai,0
702,17.875,8,1,6191,CAMEL,ai_era,0
515,2.0491803278688523,61,2,3319,HADOOP,pre_ai,0
1501,2.305555555555556,144,14,11606,CAMEL,pre_ai,0
174,1.25,4,1,471,CAMEL,ai_era,0
172,4.25,8,1,1349,CAMEL,pre_ai,0
1266,6.673913043478261,46,2,10382,CAMEL,ai_era,0
1715,2.387596899224806,129,1,12208,HADOOP,pre_ai,0
625,4.142857142857143,49,1,4798,CAMEL,ai_era,0
861,2.5,76,5,6370,CAMEL,pre_ai,0
3756,2.832,250,3,24930,HADOOP,ai_era,0
47,1.0,2,1,531,HADOOP,ai_era,0
34,2.5,2,1,250,CAMEL,pre_ai,0
68,1.2222222222222223,9,1,447,HADOOP,pre_ai,0
162,2.0,6,1,1438,HADOOP,ai_era,0
1851,2.496815286624204,157,2,12675,HADOOP,ai_era,0
540,5.125,24,2,3918,CAMEL,ai_era,0
603,2.333333333333333,48,1,4037,HADOOP,ai_era,0
134,1.8888888888888888,9,1,896,HADOOP,pre_ai,0
1481,3.157142857142857,70,2,8867,HADOOP,ai_era,0
4746,2.2111801242236027,322,9,30702,HADOOP,pre_ai,0
1091,2.15,80,10,8154,HADOOP,ai_era,0
1120,5.727272727272728,55,2,7721,CAMEL,pre_ai,0
200,2.4615384615384617,13,1,1382,HADOOP,pre_ai,0
189,2.611111111111111,18,1,1508,CAMEL,pre_ai,0
1651,2.168539325842697,89,7,10825,HADOOP,pre_ai,0
1776,3.1354166666666665,96,2,11252,HADOOP,pre_ai,0
874,7.785714285714286,28,1,6779,CAMEL,ai_era,0
1640,2.173076923076923,104,3,12151,HADOOP,ai_era,0
631,4.129032258064516,31,2,5505,CAMEL,pre_ai,0
1060,2.2752293577981653,109,1,6645,HADOOP,ai_era,0
159,1.0294117647058822,34,1,794,CAMEL,ai_era,0
106,1.625,8,1,839,HADOOP,pre_ai,0
7851,4.57957957957958,333,56,62466,CAMEL,ai_era,0
505,2.4857142857142858,35,1,3158,HADOOP,ai_era,0
8548,2.4629324546952223,607,3,54232,HADOOP,ai_era,0
3559,2.836065573770492,244,8,25811,HADOOP,pre_ai,0
1171,2.2626262626262625,99,3,7938,HADOOP,pre_ai,0
365,1.1884057971014492,69,1,2209,HADOOP,pre_ai,0
957,3.515151515151515,66,1,7503,CAMEL,pre_ai,0
1361,2.2298850574712645,87,1,8812,HADOOP,pre_ai,0
861,4.862068965517241,29,1,5735,HADOOP,pre_ai,0
541,2.75,36,3,5109,CAMEL,ai_era,0
1142,1.009933774834437,302,1,5389,CAMEL,pre_ai,0
1406,2.42156862745098,102,2,9115,HADOOP,pre_ai,0
5854,2.0432801822323463,439,11,37155,HADOOP,pre_ai,0
1218,3.642857142857143,84,1,8400,HADOOP,pre_ai,0
89,1.5,8,2,639,CAMEL,pre_ai,0
215,2.0869565217391304,23,1,1619,CAMEL,pre_ai,0
117,2.2857142857142856,7,1,845,CAMEL,ai_era,0
834,2.009523809523809,105,1,5572,CAMEL,pre_ai,0
125,2.090909090909091,11,1,894,HADOOP,ai_era,0
287,5.142857142857143,14,1,1992,CAMEL,ai_era,0
318,2.861111111111111,36,1,2279,HADOOP,ai_era,0
600,2.5142857142857142,35,8,4244,HADOOP,ai_era,0
1608,2.068376068376069,117,4,10275,HADOOP,pre_ai,0
62,1.5714285714285714,7,1,422,HADOOP,ai_era,0
230,2.142857142857143,28,1,1487,HADOOP,pre_ai,0
453,3.7083333333333335,24,1,2681,HADOOP,pre_ai,0
1121,3.4285714285714284,49,2,8213,HADOOP,pre_ai,0
302,1.5769230769230769,26,2,1958,HADOOP,pre_ai,0
800,1.7272727272727273,55,9,5377,HADOOP,pre_ai,0
2482,6.05050505050505,99,3,18574,CAMEL,ai_era,0
3463,3.489247311827957,186,4,23345,HADOOP,ai_era,0
1581,2.831932773109244,119,1,9764,HADOOP,ai_era,0
7240,2.501043841336117,479,2,46364,HADOOP,ai_era,0
226,1.8235294117647056,34,2,1643,CAMEL,ai_era,0
135,2.083333333333333,12,3,1044,CAMEL,pre_ai,0
277,3.5625,16,1,2310,CAMEL,pre_ai,0
2341,3.333333333333333,147,1,14377,HADOOP,pre_ai,0
586,2.0545454545454547,55,2,3951,HADOOP,pre_ai,0
930,8.478260869565217,23,1,8123,CAMEL,ai_era,0
806,2.6885245901639343,61,1,5887,HADOOP,ai_era,0
6261,1.553191489361702,611,13,41540,HADOOP,ai_era,0
678,1.2537313432835822,67,4,5263,HADOOP,pre_ai,0
482,2.525,40,1,2971,HADOOP,ai_era,0
1114,2.611111111111111,90,1,6943,HADOOP,ai_era,0
181,4.0,5,1,1086,HADOOP,pre_ai,0
1574,1.3476702508960574,279,2,9437,CAMEL,ai_era,0
71,1.5555555555555556,9,1,527,CAMEL,pre_ai,0
650,1.0775193798449612,129,3,3508,CAMEL,ai_era,0
1454,1.6666666666666667,108,5,9506,HADOOP,pre_ai,0
4074,2.0025,400,9,29151,CAMEL,ai_era,0
915,4.3125,32,1,8241,CAMEL,ai_era,0
4765,2.204225352112676,284,9,30432,HADOOP,pre_ai,0
1460,3.5375,80,2,10576,HADOOP,ai_era,0
5908,2.9070904645476774,409,9,42041,HADOOP,pre_ai,0
564,7.294117647058823,17,1,3887,HADOOP,ai_era,0
227,3.176470588235294,17,1,1472,CAMEL,ai_era,0
237,1.4838709677419355,31,1,1734,HADOOP,pre_ai,0
130,1.8666666666666667,15,1,926,HADOOP,ai_era,0
2470,2.1041666666666665,192,12,17343,HADOOP,ai_era,0
222,1.0,58,1,1016,CAMEL,pre_ai,0
329,4.043478260869565,23,2,2370,CAMEL,pre_ai,0
715,1.0268456375838926,149,1,4502,CAMEL,pre_ai,0
82,4.25,4,1,772,CAMEL,pre_ai,0
365,1.1911764705882353,68,1,2263,CAMEL,ai_era,0
787,3.9791666666666665,48,15,6769,CAMEL,pre_ai,0
42,2.0,1,1,352,HADOOP,ai_era,0
5940,1.5374376039933444,601,16,38895,HADOOP,ai_era,0
3865,2.8969465648854964,262,2,25067,HADOOP,ai_era,0
15844,2.365684575389948,1154,40,102060,HADOOP,ai_era,0
511,1.1136363636363635,88,2,4697,CAMEL,pre_ai,0
5959,1.989837398373984,492,8,39806,HADOOP,ai_era,0
1459,3.4936708860759493,79,3,10622,HADOOP,ai_era,0
307,7.363636363636363,11,2,2593,CAMEL,pre_ai,0
224,1.9,30,3,1379,HADOOP,pre_ai,0
141,3.625,8,1,1060,CAMEL,ai_era,0
36,4.0,1,1,271,HADOOP,pre_ai,0
64,1.6,10,1,337,HADOOP,pre_ai,0
1075,2.0294117647058822,34,2,6675,HADOOP,ai_era,0
4612,2.833810888252149,349,7,31276,HADOOP,pre_ai,0
83,2.4285714285714284,7,1,591,HADOOP,pre_ai,0
7401,2.4527162977867203,497,2,48023,HADOOP,ai_era,0
303,2.5294117647058822,34,3,2213,HADOOP,ai_era,0
2252,4.702702702702703,111,2,19702,CAMEL,ai_era,0
479,3.608695652173913,23,2,3633,CAMEL,ai_era,0
1117,2.6222222222222222,90,1,6956,HADOOP,ai_era,0
28,2.0,2,1,244,CAMEL,pre_ai,0
340,2.5217391304347827,23,1,2052,HADOOP,ai_era,0
80,1.0588235294117647,17,1,412,CAMEL,pre_ai,0
76,1.0714285714285714,14,1,470,CAMEL,pre_ai,0
1170,3.7142857142857135,70,1,9092,CAMEL,ai_era,0
231,4.9,10,1,1896,HADOOP,pre_ai,0
350,6.461538461538462,13,1,2748,CAMEL,pre_ai,0
5126,3.854961832061069,262,20,40111,CAMEL,ai_era,0
1224,3.7796610169491527,59,1,8015,HADOOP,ai_era,0
250,2.5,20,1,1913,HADOOP,pre_ai,0
253,3.647058823529412,17,2,1995,CAMEL,ai_era,0
4968,2.7082152974504248,353,2,31760,HADOOP,pre_ai,0
490,2.07843137254902,51,3,3558,CAMEL,ai_era,0
163,2.375,16,1,1007,HADOOP,pre_ai,0
83,2.5,6,1,559,CAMEL,ai_era,0
122,1.5789473684210529,19,1,828,HADOOP,ai_era,0
63,1.0,11,1,355,CAMEL,ai_era,0
1872,4.345454545454546,55,1,14229,HADOOP,ai_era,0
1287,6.372093023255814,43,2,8368,HADOOP,ai_era,0
1563,3.920634920634921,63,2,11455,HADOOP,ai_era,0
540,1.063063063063063,111,2,2727,CAMEL,ai_era,0
2207,1.7337278106508875,169,12,14868,HADOOP,pre_ai,0
501,2.642857142857143,28,1,3859,HADOOP,ai_era,0
327,2.5789473684210527,19,1,2012,HADOOP,ai_era,0
758,2.021978021978022,91,9,5801,CAMEL,pre_ai,0
3882,2.6206896551724137,174,3,24043,HADOOP,ai_era,0
100,1.1666666666666667,18,2,581,CAMEL,pre_ai,0
1622,2.9166666666666665,120,1,10068,HADOOP,ai_era,0
379,3.090909090909091,22,1,2503,HADOOP,ai_era,0
218,1.55,20,4,1596,HADOOP,pre_ai,0
1447,4.536585365853658,82,3,9721,CAMEL,ai_era,0
195,3.363636363636364,11,2,1467,HADOOP,ai_era,0
3320,2.3993808049535605,323,1,20752,CAMEL,ai_era,0
5334,1.829646017699115,452,2,34797,HADOOP,ai_era,0
326,1.0,42,1,1109,CAMEL,pre_ai,0
1608,8.435897435897436,39,2,11326,HADOOP,ai_era,0
985,2.8135593220338984,59,1,6393,HADOOP,pre_ai,0
925,2.3684210526315788,76,2,6727,HADOOP,ai_era,0
1073,5.85,40,1,8599,CAMEL,ai_era,0
482,4.526315789473684,19,1,3472,HADOOP,ai_era,0
198,1.1428571428571428,35,5,1266,CAMEL,pre_ai,0
2895,2.99468085106383,188,3,19400,HADOOP,pre_ai,0
1997,1.6097560975609757,41,2,11722,HADOOP,pre_ai,0
1710,2.225,120,8,10454,HADOOP,ai_era,0
100,1.5714285714285714,7,1,791,CAMEL,ai_era,0
5568,2.718232044198895,362,3,36429,HADOOP,pre_ai,0
1278,2.804123711340206,97,3,7958,HADOOP,ai_era,0
131,1.4545454545454546,11,1,1070,CAMEL,ai_era,0
2155,2.9444444444444446,144,7,14159,HADOOP,pre_ai,0
833,2.6031746031746037,63,7,6547,CAMEL,pre_ai,0
1011,4.604651162790698,43,1,6423,HADOOP,ai_era,0
1334,2.032608695652174,92,16,11000,CAMEL,pre_ai,0
95,3.0,6,1,681,CAMEL,pre_ai,0
1221,4.694444444444445,36,1,8471,HADOOP,ai_era,0
215,2.0869565217391304,23,1,1619,CAMEL,pre_ai,0
908,2.671641791044776,67,5,6515,HADOOP,pre_ai,0
59,9.0,1,1,488,HADOOP,pre_ai,0
851,2.619047619047619,42,1,6157,HADOOP,ai_era,0
402,3.5789473684210527,19,5,2866,HADOOP,pre_ai,0
2055,4.097222222222222,72,3,14102,HADOOP,pre_ai,0
2296,2.607594936708861,158,1,14874,HADOOP,pre_ai,0
1666,2.111111111111111,27,2,9543,HADOOP,pre_ai,0
4829,2.3698630136986303,146,3,28838,HADOOP,ai_era,0
345,1.462962962962963,54,1,2221,CAMEL,pre_ai,0
400,1.870967741935484,31,5,2840,HADOOP,ai_era,0
327,3.05,20,1,2136,HADOOP,pre_ai,0
18739,2.1022408963585435,1428,132,131193,HADOOP,pre_ai,0
6664,2.4551569506726456,446,1,41645,HADOOP,ai_era,0
1495,2.688888888888889,90,1,9334,HADOOP,pre_ai,0
668,3.2777777777777777,36,3,4816,HADOOP,ai_era,0
1121,2.6333333333333333,90,1,6985,HADOOP,ai_era,0
202,2.130434782608696,23,1,1543,HADOOP,pre_ai,0
287,1.7,30,1,1864,CAMEL,pre_ai,0
280,3.357142857142857,14,1,2465,HADOOP,pre_ai,0
449,4.166666666666667,24,1,3351,HADOOP,ai_era,0
365,1.8695652173913044,46,2,2498,HADOOP,pre_ai,0
610,2.75,48,1,3502,HADOOP,ai_era,0
99,1.0,18,1,576,HADOOP,ai_era,0
4014,3.3811320754716983,265,1,25885,HADOOP,ai_era,0
1517,3.175675675675676,148,4,10816,CAMEL,pre_ai,0
1496,4.0,70,10,12616,CAMEL,pre_ai,0
1461,1.4371584699453552,183,1,9759,HADOOP,ai_era,0
557,1.3333333333333333,84,3,3482,CAMEL,ai_era,0
1293,2.830985915492957,71,1,9092,HADOOP,pre_ai,0
2261,2.1875,32,3,12919,HADOOP,ai_era,0
1792,2.3609022556390977,133,1,12801,HADOOP,pre_ai,0
473,1.62,50,6,3419,CAMEL,pre_ai,0
238,1.6896551724137931,29,1,1450,HADOOP,pre_ai,0
7050,2.485169491525424,472,1,45437,HADOOP,ai_era,0
3918,1.665551839464883,299,5,30015,HADOOP,ai_era,0
1035,3.142857142857143,70,1,6955,HADOOP,ai_era,0
716,3.8666666666666663,30,2,5118,HADOOP,ai_era,0
143,1.375,24,1,839,CAMEL,pre_ai,0
40,2.333333333333333,3,1,241,HADOOP,ai_era,0
336,2.03125,32,2,2648,CAMEL,pre_ai,0
172,4.428571428571429,7,1,1305,HADOOP,pre_ai,0
16,1.0,3,1,82,CAMEL,pre_ai,0
1335,1.6285714285714286,105,1,11663,HADOOP,ai_era,0
208,3.636363636363636,11,1,1759,CAMEL,ai_era,0
236,1.0,60,1,1066,CAMEL,pre_ai,0
129,1.0714285714285714,28,1,724,CAMEL,ai_era,0
17,1.0,2,1,139,CAMEL,pre_ai,0
2489,1.1825396825396826,378,6,13987,HADOOP,ai_era,0
2088,2.792079207920792,101,3,14453,HADOOP,pre_ai,0
693,2.5348837209302326,43,1,4571,HADOOP,pre_ai,0
282,1.7659574468085106,47,1,2225,HADOOP,pre_ai,0
28,3.0,1,1,223,CAMEL,pre_ai,0
4070,2.7052023121387285,346,3,26850,HADOOP,pre_ai,0
610,2.75,48,1,3500,HADOOP,ai_era,0
804,1.9705882352941175,102,1,5259,CAMEL,pre_ai,0
4604,2.196,250,11,31459,HADOOP,pre_ai,0
2666,3.1904761904761907,126,3,18732,HADOOP,ai_era,0
792,3.386363636363636,44,1,6127,HADOOP,ai_era,0
955,4.25,32,1,7614,HADOOP,ai_era,0
4718,1.0912343470483006,1118,11,41074,CAMEL,pre_ai,0
1405,6.018867924528302,53,1,10943,CAMEL,ai_era,0
1487,3.117647058823529,17,2,9048,HADOOP,pre_ai,0
364,2.388888888888889,18,1,2535,CAMEL,pre_ai,0
995,3.5689655172413794,58,1,6326,HADOOP,pre_ai,0
119,5.2,5,1,850,CAMEL,ai_era,0
215,1.7058823529411764,17,1,1599,HADOOP,ai_era,0
2765,3.307086614173228,127,4,20766,HADOOP,pre_ai,0
1660,1.675324675324675,154,3,10224,HADOOP,pre_ai,0
162,2.117647058823529,17,1,1109,CAMEL,ai_era,0
177,1.2758620689655171,29,1,1273,HADOOP,pre_ai,0
11199,2.8150134048257374,746,2,71953,HADOOP,ai_era,0
414,2.076923076923077,26,3,2803,HADOOP,pre_ai,0
106,2.0,8,1,623,HADOOP,pre_ai,0
4151,6.201219512195122,164,8,37341,CAMEL,pre_ai,0
465,6.0,15,1,3400,HADOOP,pre_ai,0
982,1.9285714285714288,84,5,6812,HADOOP,pre_ai,0
940,6.361111111111111,36,1,7201,CAMEL,ai_era,0
2635,2.508670520231214,173,9,20849,HADOOP,ai_era,0
2995,2.152173913043478,46,3,15700,HADOOP,ai_era,0
265,1.0,83,1,1809,CAMEL,pre_ai,0
965,2.543859649122807,57,3,7256,HADOOP,pre_ai,0
3654,2.20704845814978,227,7,23966,HADOOP,pre_ai,0
146,3.5,4,1,881,HADOOP,pre_ai,0
638,1.852459016393443,61,3,4408,HADOOP,ai_era,0
239,2.1904761904761907,21,1,1801,HADOOP,pre_ai,0
615,4.5,20,1,4258,HADOOP,pre_ai,0
173,2.8461538461538463,13,1,1094,HADOOP,ai_era,0
7236,2.4642857142857144,448,11,47695,HADOOP,pre_ai,0
61,1.375,8,1,509,CAMEL,pre_ai,0
29,1.25,4,1,190,CAMEL,pre_ai,0
1993,2.2751677852348995,149,3,13423,HADOOP,pre_ai,0
2808,2.8157894736842106,152,9,19134,HADOOP,ai_era,0
1223,2.7142857142857144,70,4,7567,HADOOP,ai_era,0
589,1.75,48,5,4237,HADOOP,pre_ai,0
512,9.416666666666666,12,1,3732,HADOOP,pre_ai,0
1476,2.144230769230769,104,2,9495,HADOOP,pre_ai,0
4592,1.9901639344262292,305,28,30580,HADOOP,pre_ai,0
74,8.0,1,1,526,HADOOP,pre_ai,0
2458,1.348360655737705,244,18,15922,HADOOP,ai_era,0
181,4.111111111111111,9,1,1367,CAMEL,ai_era,0
5273,1.2945859872611465,628,26,33446,HADOOP,ai_era,0
216,1.5357142857142858,28,1,1340,CAMEL,pre_ai,0
4009,1.6612377850162867,307,5,30713,HADOOP,ai_era,0
3455,2.249122807017544,285,2,24544,HADOOP,ai_era,0
9597,2.474842767295597,636,8,62102,HADOOP,ai_era,0
190,2.9,10,2,1415,HADOOP,pre_ai,0
432,2.925925925925926,27,6,2710,HADOOP,pre_ai,0
2474,1.6774193548387095,248,5,17579,HADOOP,ai_era,0
1001,3.2698412698412698,63,2,7109,HADOOP,ai_era,0
3323,2.127659574468085,47,3,17685,HADOOP,ai_era,0
502,3.088235294117647,34,2,3729,CAMEL,pre_ai,0
309,6.714285714285714,14,1,2906,CAMEL,ai_era,0
1441,3.0,93,2,10495,HADOOP,ai_era,0
354,2.931034482758621,29,1,2054,HADOOP,ai_era,0
3584,2.7091633466135456,251,2,23419,HADOOP,ai_era,0
62,1.8571428571428568,7,1,400,CAMEL,pre_ai,0
328,2.4545454545454546,22,1,2192,HADOOP,ai_era,0
2818,1.5538057742782152,381,3,17639,HADOOP,pre_ai,0
336,1.875,32,11,2372,CAMEL,pre_ai,0
983,4.212121212121212,33,1,7129,HADOOP,ai_era,0
168,1.3333333333333333,27,1,1060,CAMEL,pre_ai,0
873,3.013333333333333,75,2,5901,HADOOP,pre_ai,0
56,2.0,4,1,422,HADOOP,ai_era,0
163,1.0,41,2,735,CAMEL,ai_era,0
2011,3.5135135135135136,111,1,13627,HADOOP,pre_ai,0
6665,2.457399103139013,446,1,41662,HADOOP,ai_era,0
897,6.896551724137931,29,1,8661,CAMEL,pre_ai,0
549,1.7884615384615383,52,1,3913,HADOOP,ai_era,0
439,4.541666666666667,24,1,3408,CAMEL,pre_ai,0
2991,1.9772727272727275,44,2,15620,HADOOP,ai_era,0
5256,2.323607427055703,377,8,34849,HADOOP,ai_era,0
155,4.8,5,2,1068,HADOOP,pre_ai,0
1441,5.15686274509804,51,1,9486,HADOOP,pre_ai,0
454,1.7377049180327868,61,2,2815,HADOOP,ai_era,0
240,1.0,51,1,1255,HADOOP,pre_ai,0
506,3.0,43,1,3274,HADOOP,ai_era,0
32,3.0,3,1,279,HADOOP,pre_ai,0
698,1.7037037037037035,81,2,5889,HADOOP,pre_ai,0
989,1.7019230769230769,104,3,6366,HADOOP,ai_era,0
957,4.21875,32,1,7648,HADOOP,ai_era,0
223,2.8181818181818183,22,1,1596,CAMEL,pre_ai,0
2474,1.6774193548387095,248,5,17579,HADOOP,ai_era,0
1389,1.8955223880597012,134,2,8888,HADOOP,ai_era,0
2710,1.396551724137931,348,22,17116,CAMEL,pre_ai,0
146,3.0,11,1,1057,HADOOP,pre_ai,0
8568,2.667741935483871,620,5,55107,HADOOP,pre_ai,0
1817,2.512396694214876,121,15,14925,CAMEL,ai_era,0
1593,2.865546218487395,119,1,9861,HADOOP,ai_era,0
177,1.2352941176470589,34,1,999,HADOOP,ai_era,0
1745,2.7363636363636363,110,1,11533,HADOOP,pre_ai,0
126,1.9285714285714288,14,1,721,CAMEL,pre_ai,0
843,1.8454545454545452,110,2,5346,CAMEL,pre_ai,0
5334,1.829646017699115,452,2,34797,HADOOP,ai_era,0
149,1.0303030303030305,33,1,745,CAMEL,pre_ai,0
1139,1.3645833333333333,96,9,8978,HADOOP,ai_era,0
28690,2.925759840558047,2007,52,190408,HADOOP,pre_ai,0
974,4.151515151515151,33,1,7070,HADOOP,ai_era,0
601,1.1166666666666667,120,10,3460,CAMEL,pre_ai,0
687,3.523809523809524,63,1,4636,CAMEL,pre_ai,0
10027,3.0265878877400296,677,10,66983,HADOOP,pre_ai,0
708,1.9814814814814812,54,2,4592,HADOOP,ai_era,0
133,3.6,5,1,1175,HADOOP,pre_ai,0
511,1.8,50,2,3493,HADOOP,pre_ai,0
855,3.5217391304347827,46,6,6036,HADOOP,ai_era,0
790,3.386363636363636,44,1,6111,HADOOP,ai_era,0
182,5.166666666666667,6,1,1236,HADOOP,ai_era,0
282,5.0,11,1,2142,CAMEL,pre_ai,0
180,1.5384615384615383,26,2,1125,HADOOP,pre_ai,0
204,1.5161290322580645,31,5,1319,CAMEL,pre_ai,0
1382,1.4761904761904765,210,2,8950,CAMEL,pre_ai,0
285,3.4,15,1,2069,HADOOP,ai_era,0
437,2.583333333333333,36,3,3752,CAMEL,ai_era,0
216,1.7,30,1,1229,HADOOP,ai_era,0
547,1.3454545454545457,55,7,3620,HADOOP,pre_ai,0
4082,2.664429530201342,298,17,28517,HADOOP,pre_ai,0
1492,5.4,50,1,9900,HADOOP,ai_era,0
255,1.8636363636363635,22,1,1731,HADOOP,ai_era,0
1435,2.5681818181818183,44,1,10303,HADOOP,pre_ai,0
171,1.9411764705882355,17,1,1101,HADOOP,ai_era,0
2490,2.73972602739726,146,4,17436,HADOOP,ai_era,0
1587,2.1796875,128,3,10629,HADOOP,pre_ai,0
416,2.193548387096774,31,1,2711,HADOOP,ai_era,0
268,1.9166666666666667,24,3,2014,CAMEL,pre_ai,0
1107,2.473684210526316,57,4,7957,HADOOP,ai_era,0
257,1.5714285714285714,14,1,1935,HADOOP,ai_era,0
1759,1.955223880597015,134,8,11739,HADOOP,pre_ai,0
4243,3.280632411067194,253,5,28722,HADOOP,pre_ai,0
15,1.0,1,1,116,HADOOP,pre_ai,0
556,1.6363636363636365,44,1,4425,HADOOP,ai_era,0
1679,5.616666666666666,60,1,11624,HADOOP,pre_ai,0
353,2.96,25,1,2578,CAMEL,pre_ai,0
164,2.75,12,1,1159,CAMEL,pre_ai,0
570,1.6142857142857143,70,1,4114,CAMEL,pre_ai,0
3899,3.223529411764706,255,7,26893,HADOOP,pre_ai,0
775,2.537037037037037,54,1,4663,HADOOP,pre_ai,0
1051,3.8378378378378377,37,1,8376,HADOOP,ai_era,0
1357,2.93069306930693,101,1,8414,HADOOP,ai_era,0
1851,2.739130434782609,138,2,11947,HADOOP,pre_ai,0
4917,2.013440860215054,372,14,32660,HADOOP,ai_era,0
1439,2.4,105,1,9685,HADOOP,ai_era,0
217,9.0,5,1,1843,HADOOP,pre_ai,0
7858,2.291233283803863,673,9,49709,HADOOP,pre_ai,0
5016,2.2172523961661343,313,8,35537,HADOOP,ai_era,0
221,9.166666666666666,6,1,1440,HADOOP,pre_ai,0
3031,3.5797872340425534,188,1,19424,HADOOP,pre_ai,0
4174,3.3963636363636365,275,1,27056,HADOOP,ai_era,0
2857,2.5960591133004924,203,3,19363,HADOOP,ai_era,0
471,5.842105263157895,19,1,3751,CAMEL,ai_era,0
5469,1.675824175824176,546,4,35477,HADOOP,pre_ai,0
23,2.0,2,1,197,HADOOP,ai_era,0
313,4.307692307692308,13,1,2268,HADOOP,pre_ai,0
1638,4.21875,64,2,11160,HADOOP,pre_ai,0
4141,3.094674556213018,169,3,24743,HADOOP,ai_era,0
246,1.0,52,1,1272,HADOOP,pre_ai,0
395,2.1142857142857143,35,2,2617,HADOOP,pre_ai,0
76,2.6,5,1,581,HADOOP,pre_ai,0
2167,3.176056338028169,142,1,14480,HADOOP,ai_era,0
1336,1.6590909090909092,88,1,8045,HADOOP,pre_ai,0
4030,3.4,265,1,25987,HADOOP,ai_era,0
59,1.4545454545454546,11,1,377,HADOOP,pre_ai,0
937,1.7916666666666667,96,2,5726,HADOOP,pre_ai,0
1120,2.6333333333333333,90,1,6977,HADOOP,ai_era,0
507,6.25,16,1,3727,HADOOP,ai_era,0
741,2.8,50,1,4606,HADOOP,ai_era,0
1259,1.8409090909090908,44,4,7707,HADOOP,pre_ai,0
215,1.173913043478261,46,1,1047,CAMEL,pre_ai,0
340,2.526315789473684,19,2,2433,HADOOP,ai_era,0
1687,8.192982456140351,57,2,14250,CAMEL,ai_era,0
104,2.0,9,1,689,HADOOP,ai_era,0
2598,2.2170542635658914,129,16,17677,HADOOP,pre_ai,0
117,2.2857142857142856,7,1,845,CAMEL,ai_era,0
731,7.190476190476191,21,3,6472,CAMEL,pre_ai,0
7683,2.727954971857411,533,21,51812,HADOOP,pre_ai,0
175,2.1739130434782608,23,1,1200,CAMEL,pre_ai,0
132,1.5714285714285714,7,1,1152,HADOOP,ai_era,0
5064,2.435736677115988,319,18,34676,HADOOP,pre_ai,0
477,1.7894736842105263,38,1,3271,HADOOP,pre_ai,0
658,5.481481481481482,27,1,5035,CAMEL,pre_ai,0
4356,7.421875,128,5,37346,CAMEL,ai_era,0
1858,2.760869565217391,138,3,12131,HADOOP,pre_ai,0
343,2.5185185185185186,27,1,1905,HADOOP,ai_era,0
11251,2.7185185185185183,540,23,74679,HADOOP,pre_ai,0
117,1.9166666666666667,12,1,720,HADOOP,pre_ai,0
2937,2.898550724637681,138,4,20611,HADOOP,ai_era,0
2099,3.775862068965517,116,8,17341,CAMEL,ai_era,0
15,1.0,1,1,124,HADOOP,ai_era,0
7515,2.798206278026906,446,5,48149,HADOOP,ai_era,0
1607,4.17910447761194,67,3,10953,HADOOP,ai_era,0
491,1.6515151515151516,66,3,3124,HADOOP,pre_ai,0
2288,2.6777777777777776,90,2,15138,HADOOP,ai_era,0
469,2.6666666666666665,42,1,3197,HADOOP,pre_ai,0
2255,2.1,150,21,16162,HADOOP,pre_ai,0
335,2.0294117647058822,34,1,2295,CAMEL,pre_ai,0
8887,3.172727272727273,770,24,59342,CAMEL,pre_ai,0
640,3.6271186440677967,59,1,4426,CAMEL,ai_era,0
3860,1.8834688346883468,369,6,25479,HADOOP,pre_ai,0
904,2.1052631578947367,95,1,5780,CAMEL,ai_era,0
4192,2.235074626865672,268,11,27698,HADOOP,pre_ai,0
198,1.7391304347826086,23,2,1475,HADOOP,pre_ai,0
105,2.1,10,1,712,HADOOP,ai_era,0
325,2.3076923076923075,13,2,2794,HADOOP,pre_ai,0
623,2.6,50,3,3751,HADOOP,ai_era,0
266,3.1666666666666665,12,2,1925,HADOOP,pre_ai,0
760,1.492537313432836,67,3,5287,HADOOP,ai_era,0
5707,2.7518796992481205,399,1,36438,HADOOP,pre_ai,0
2994,3.069767441860465,129,4,24333,HADOOP,ai_era,0
3992,3.178181818181818,275,3,25534,HADOOP,pre_ai,0
170,6.75,4,1,1538,HADOOP,pre_ai,0
203,4.8,10,1,1699,CAMEL,pre_ai,0
3457,3.060185185185185,216,3,22864,HADOOP,ai_era,0
1491,6.431034482758621,58,2,11526,CAMEL,ai_era,0
2984,1.751677852348993,149,7,18087,HADOOP,pre_ai,0
140,2.272727272727273,11,2,1069,CAMEL,pre_ai,0
2757,2.980392156862745,204,2,18137,HADOOP,ai_era,0
255,1.8636363636363635,22,1,1731,HADOOP,ai_era,0
