loc,cyclomatic_complexity,num_functions,num_files_changed,issue_id,project_name,era,issue_type,defect_prone
285,3.5714285714285716,14,2,TIKA-3331,TIKA,pre_ai,Bug,1
356,2.375,24,1,TIKA-2106,TIKA,pre_ai,Bug,1
264,3.466666666666667,15,1,TIKA-4221,TIKA,ai_era,Task,0
173,4.428571428571429,7,1,TIKA-2232,TIKA,pre_ai,New Feature,0
303,3.5217391304347827,23,1,TIKA-1252,TIKA,pre_ai,Bug,1
449,4.619047619047619,21,1,TIKA-2479,TIKA,pre_ai,Bug,1
235,3.5454545454545454,11,2,TIKA-4631,TIKA,ai_era,Task,0
1082,5.294117647058823,51,1,TIKA-4734,TIKA,ai_era,Bug,1
787,7.045454545454546,22,4,TIKA-1879,TIKA,pre_ai,Improvement,0
1611,3.1868131868131866,91,5,TIKA-3441,TIKA,pre_ai,Bug,1
123,1.0,34,1,TIKA-4790,TIKA,ai_era,Task,0
212,4.6,10,1,TIKA-4432,TIKA,ai_era,Bug,1
1881,4.266666666666667,90,7,TIKA-4751,TIKA,ai_era,Task,0
8128,2.07823613086771,703,111,TIKA-4543,TIKA,ai_era,Task,0
191,3.5555555555555554,9,2,TIKA-1854,TIKA,pre_ai,Improvement,0
284,2.3636363636363638,22,1,TIKA-4213,TIKA,ai_era,New Feature,0
2069,3.5185185185185186,135,6,TIKA-4651,TIKA,ai_era,Task,0
47,2.5,2,1,TIKA-326,TIKA,pre_ai,Bug,1
278,1.763157894736842,38,1,TIKA-3164,TIKA,pre_ai,Task,0
1712,3.705263157894737,95,8,TIKA-2386,TIKA,pre_ai,Improvement,0
230,11.6,5,1,TIKA-2127,TIKA,pre_ai,Bug,1
418,2.3793103448275863,29,1,TIKA-2509,TIKA,pre_ai,Bug,1
238,5.8,10,1,TIKA-4518,TIKA,ai_era,Task,0
688,1.8695652173913044,69,8,TIKA-4571,TIKA,ai_era,Task,0
113,2.5714285714285716,7,1,TIKA-413,TIKA,pre_ai,Improvement,0
79,2.142857142857143,7,1,TIKA-4452,TIKA,ai_era,Improvement,0
807,3.5675675675675675,37,2,TIKA-4721,TIKA,ai_era,Bug,1
762,3.1403508771929824,57,4,TIKA-2330,TIKA,pre_ai,Improvement,0
88,3.0,2,1,TIKA-1272,TIKA,pre_ai,Bug,1
57,4.666666666666667,3,1,TIKA-4387,TIKA,ai_era,Task,0
41,9.0,1,1,TIKA-1011,TIKA,pre_ai,Bug,1
312,3.608695652173913,23,1,TIKA-1341,TIKA,pre_ai,Bug,1
1130,3.4242424242424243,66,8,TIKA-840,TIKA,pre_ai,Improvement,0
835,3.3157894736842106,57,3,TIKA-1571,TIKA,pre_ai,Improvement,0
230,4.7272727272727275,11,1,TIKA-739,TIKA,pre_ai,Bug,1
1282,3.6315789473684212,76,7,TIKA-4565,TIKA,ai_era,Task,0
3577,3.5350877192982457,228,16,TIKA-4707,TIKA,ai_era,Task,0
145,2.8333333333333335,6,1,TIKA-623,TIKA,pre_ai,New Feature,0
1976,2.547486033519553,179,7,TIKA-3853,TIKA,pre_ai,Wish,0
421,2.84375,32,1,TIKA-3242,TIKA,pre_ai,Task,0
607,3.25,32,3,TIKA-4732,TIKA,ai_era,Improvement,0
1179,5.833333333333333,42,1,TIKA-4299,TIKA,ai_era,Task,0
1228,4.595744680851064,47,6,TIKA-1332,TIKA,pre_ai,Sub-task,0
199,3.2,10,2,TIKA-4188,TIKA,ai_era,Improvement,0
25,2.0,2,1,TIKA-3899,TIKA,pre_ai,Task,0
14700,3.8075,800,60,TIKA-4819,TIKA,ai_era,Task,0
504,3.411764705882353,34,2,TIKA-3135,TIKA,pre_ai,Task,0
504,4.043478260869565,23,1,TIKA-4761,TIKA,ai_era,Task,0
271,4.375,8,2,TIKA-4025,TIKA,ai_era,Task,0
369,2.4761904761904763,21,3,TIKA-3799,TIKA,pre_ai,Task,0
645,3.4166666666666665,36,2,TIKA-4220,TIKA,ai_era,Task,0
696,5.678571428571429,28,3,TIKA-4091,TIKA,ai_era,Bug,1
59,2.0,4,1,TIKA-4236,TIKA,ai_era,Bug,1
302,20.75,4,1,TIKA-4308,TIKA,ai_era,Bug,1
259,2.878787878787879,33,1,TIKA-276,TIKA,pre_ai,Improvement,0
121,7.8,5,1,TIKA-334,TIKA,pre_ai,Improvement,0
281,2.6818181818181817,22,1,TIKA-2056,TIKA,pre_ai,Bug,1
133,1.2666666666666666,15,4,TIKA-1809,TIKA,pre_ai,Improvement,0
472,3.608695652173913,23,2,TIKA-3696,TIKA,pre_ai,Task,0
711,2.640625,64,2,TIKA-3580,TIKA,ai_era,Task,0
270,3.2857142857142856,14,2,TIKA-241,TIKA,pre_ai,Improvement,0
1040,2.292682926829268,82,9,TIKA-4671,TIKA,ai_era,New Feature,0
409,7.916666666666667,12,2,TIKA-1707,TIKA,pre_ai,Improvement,0
252,3.5384615384615383,13,1,TIKA-4459,TIKA,ai_era,Bug,1
195,2.0434782608695654,23,1,TIKA-84,TIKA,pre_ai,New Feature,0
289,4.533333333333333,15,1,TIKA-2571,TIKA,pre_ai,Bug,1
427,7.0,12,2,TIKA-4688,TIKA,ai_era,Task,0
68,1.8571428571428572,7,1,TIKA-4126,TIKA,ai_era,Bug,1
425,1.9142857142857144,35,2,TIKA-3855,TIKA,pre_ai,Task,0
479,2.838709677419355,31,4,TIKA-4338,TIKA,ai_era,Bug,1
762,9.666666666666666,24,1,TIKA-748,TIKA,pre_ai,Bug,1
183,4.8,5,1,TIKA-1269,TIKA,pre_ai,Improvement,0
2588,5.3,110,6,TIKA-4682,TIKA,ai_era,Improvement,0
1030,2.3625,80,11,TIKA-4558,TIKA,ai_era,Task,0
329,3.611111111111111,18,1,TIKA-4531,TIKA,ai_era,Improvement,0
6478,2.662531017369727,403,58,TIKA-3948,TIKA,ai_era,Task,0
466,5.068965517241379,29,1,TIKA-4759,TIKA,ai_era,Task,0
495,3.8684210526315788,38,6,TIKA-379,TIKA,pre_ai,Bug,1
410,4.739130434782608,23,1,TIKA-4401,TIKA,ai_era,Task,0
300,2.76,25,1,TIKA-1147,TIKA,pre_ai,Bug,1
1186,5.613636363636363,44,1,TIKA-4811,TIKA,ai_era,Bug,1
521,2.3225806451612905,31,2,TIKA-4542,TIKA,ai_era,Improvement,0
7126,2.4467713787085517,573,46,TIKA-4672,TIKA,ai_era,New Feature,0
185,2.588235294117647,17,1,TIKA-2955,TIKA,pre_ai,Bug,1
135,10.166666666666666,6,1,TIKA-910,TIKA,pre_ai,Bug,1
286,2.210526315789474,19,3,TIKA-4187,TIKA,ai_era,New Feature,0
410,1.596774193548387,62,1,TIKA-3581,TIKA,pre_ai,Bug,1
483,3.09375,32,7,TIKA-44,TIKA,pre_ai,Bug,1
110,4.75,4,1,TIKA-1280,TIKA,pre_ai,Improvement,0
254,10.625,8,1,TIKA-2982,TIKA,pre_ai,Bug,1
654,6.95,20,2,TIKA-2281,TIKA,pre_ai,Improvement,0
363,4.111111111111111,18,1,TIKA-816,TIKA,pre_ai,Bug,1
109,3.3333333333333335,6,1,TIKA-279,TIKA,pre_ai,Bug,1
5457,4.94949494949495,297,14,TIKA-4744,TIKA,ai_era,Task,0
6582,6.18359375,256,18,TIKA-4731,TIKA,ai_era,Task,0
149,3.0,9,1,TIKA-3639,TIKA,pre_ai,Bug,1
2441,4.3247863247863245,117,8,TIKA-1945,TIKA,pre_ai,Bug,1
84,5.333333333333333,3,1,TIKA-4617,TIKA,ai_era,Task,0
512,2.590909090909091,44,1,TIKA-3986,TIKA,ai_era,Task,0
3117,2.8660287081339715,209,21,TIKA-4568,TIKA,ai_era,Task,0
348,7.538461538461538,13,1,TIKA-1934,TIKA,pre_ai,Sub-task,0
2958,2.823809523809524,210,18,TIKA-4636,TIKA,ai_era,Task,0
115,2.6,5,1,TIKA-3800,TIKA,pre_ai,Task,0
795,1.989795918367347,98,2,TIKA-2978,TIKA,pre_ai,Improvement,0
1363,3.6619718309859155,71,4,TIKA-4498,TIKA,ai_era,Task,0
3825,2.795698924731183,279,19,TIKA-4635,TIKA,ai_era,Task,0
8206,3.470842332613391,463,44,TIKA-3655,TIKA,ai_era,Task,0
207,3.6363636363636362,11,1,TIKA-437,TIKA,pre_ai,Improvement,0
184,7.333333333333333,6,1,TIKA-2576,TIKA,pre_ai,Improvement,0
134,3.2857142857142856,7,1,TIKA-4514,TIKA,ai_era,Task,0
643,2.1147540983606556,61,2,TIKA-3779,TIKA,pre_ai,Bug,1
756,9.625,24,1,TIKA-733,TIKA,pre_ai,Bug,1
223,4.2,10,1,TIKA-4705,TIKA,ai_era,Improvement,0
430,5.842105263157895,19,3,TIKA-2861,TIKA,ai_era,Bug,1
230,2.6666666666666665,18,1,TIKA-1526,TIKA,pre_ai,Wish,0
158,1.2916666666666667,24,1,TIKA-710,TIKA,pre_ai,Improvement,0
314,3.0,20,2,TIKA-4310,TIKA,ai_era,Task,0
100,2.0,11,1,TIKA-114,TIKA,pre_ai,Bug,1
76,7.0,2,1,TIKA-3572,TIKA,pre_ai,Wish,0
585,4.826086956521739,23,5,TIKA-3273,TIKA,pre_ai,Improvement,0
542,4.233333333333333,30,1,TIKA-4219,TIKA,ai_era,Task,0
692,2.2650602409638556,83,4,TIKA-4784,TIKA,ai_era,Task,0
197,3.7,10,1,TIKA-4046,TIKA,ai_era,Task,0
2337,5.052083333333333,96,7,TIKA-4719,TIKA,ai_era,Task,0
127,2.0,11,1,TIKA-2470,TIKA,pre_ai,Bug,1
605,3.675675675675676,37,3,TIKA-4278,TIKA,ai_era,Bug,1
226,3.0,7,2,TIKA-1623,TIKA,pre_ai,Bug,1
6805,2.1519434628975267,566,45,TIKA-3304,TIKA,pre_ai,Task,0
1356,5.590909090909091,44,3,TIKA-4027,TIKA,ai_era,Task,0
231,1.76,25,2,TIKA-4355,TIKA,ai_era,Task,0
473,4.111111111111111,27,1,TIKA-4815,TIKA,ai_era,Bug,1
4848,3.7508650519031144,289,32,TIKA-4769,TIKA,ai_era,Task,0
335,3.32,25,1,TIKA-1369,TIKA,pre_ai,Bug,1
175,2.3125,16,1,TIKA-817,TIKA,pre_ai,Bug,1
382,2.484848484848485,33,2,TIKA-4352,TIKA,ai_era,Task,0
1272,5.413043478260869,46,3,TIKA-4202,TIKA,ai_era,New Feature,0
206,4.5,6,1,TIKA-2546,TIKA,pre_ai,Improvement,0
102,1.375,8,3,TIKA-2072,TIKA,pre_ai,Improvement,0
133,7.2,5,1,TIKA-442,TIKA,pre_ai,Improvement,0
726,11.8,20,2,TIKA-4203,TIKA,ai_era,Task,0
499,3.5714285714285716,7,1,TIKA-3957,TIKA,ai_era,Task,0
271,5.0,10,2,TIKA-3104,TIKA,ai_era,Wish,0
200,6.142857142857143,7,1,TIKA-4274,TIKA,ai_era,Improvement,0
415,2.4285714285714284,28,1,TIKA-2385,TIKA,pre_ai,Bug,1
1774,6.841269841269841,63,5,TIKA-4434,TIKA,ai_era,Task,0
339,5.153846153846154,13,2,TIKA-1684,TIKA,pre_ai,Improvement,0
1181,2.3716814159292037,113,4,TIKA-2689,TIKA,ai_era,Bug,1
667,6.739130434782608,23,2,TIKA-3475,TIKA,pre_ai,Task,0
1509,2.6875,128,3,TIKA-2624,TIKA,pre_ai,Bug,1
446,4.9375,16,2,TIKA-4100,TIKA,ai_era,Bug,1
941,3.826923076923077,52,4,TIKA-4613,TIKA,ai_era,Task,0
542,2.1052631578947367,57,2,TIKA-4813,TIKA,ai_era,Task,0
88,1.5,14,1,TIKA-3979,TIKA,ai_era,Improvement,0
626,4.4,30,1,TIKA-1990,TIKA,pre_ai,Bug,1
386,3.611111111111111,18,3,TIKA-4048,TIKA,ai_era,Bug,1
1777,3.0,131,4,TIKA-2290,TIKA,pre_ai,Bug,1
1669,5.485294117647059,68,6,TIKA-3968,TIKA,ai_era,Task,0
100,2.625,8,1,TIKA-81,TIKA,pre_ai,Improvement,0
408,2.7435897435897436,39,1,TIKA-4442,TIKA,ai_era,Improvement,0
7766,2.8666666666666667,510,39,TIKA-3903,TIKA,pre_ai,Task,0
1874,3.5,98,9,TIKA-4333,TIKA,ai_era,Task,0
147,8.0,5,1,TIKA-472,TIKA,pre_ai,Improvement,0
233,6.888888888888889,9,1,TIKA-794,TIKA,pre_ai,Bug,1
2346,2.5081967213114753,183,11,TIKA-4716,TIKA,ai_era,Task,0
976,2.6027397260273974,73,10,TIKA-4544,TIKA,ai_era,Task,0
457,2.9411764705882355,34,1,TIKA-2979,TIKA,pre_ai,Improvement,0
369,6.3,10,1,TIKA-2349,TIKA,pre_ai,Improvement,0
2252,3.952755905511811,127,4,TIKA-4436,TIKA,ai_era,Improvement,0
1239,3.8688524590163933,61,6,TIKA-4535,TIKA,ai_era,Improvement,0
397,2.793103448275862,29,2,TIKA-537,TIKA,pre_ai,Improvement,0
265,4.833333333333333,12,1,TIKA-1136,TIKA,pre_ai,New Feature,0
698,3.1176470588235294,51,2,TIKA-2579,TIKA,pre_ai,Improvement,0
536,1.7222222222222223,72,2,TIKA-4667,TIKA,ai_era,New Feature,0
276,3.6923076923076925,13,1,TIKA-3334,TIKA,pre_ai,Task,0
147,3.4444444444444446,9,1,TIKA-247,TIKA,pre_ai,Improvement,0
1289,3.1842105263157894,76,8,TIKA-4575,TIKA,ai_era,Task,0
169,2.1666666666666665,18,1,TIKA-317,TIKA,pre_ai,Improvement,0
1512,3.28,75,9,TIKA-4670,TIKA,ai_era,Bug,1
1286,3.8333333333333335,78,4,TIKA-4340,TIKA,ai_era,Sub-task,0
588,3.9615384615384617,26,3,TIKA-2782,TIKA,pre_ai,Task,0
175,4.8,10,1,TIKA-679,TIKA,pre_ai,Improvement,0
291,11.0,6,1,TIKA-4211,TIKA,ai_era,Bug,1
231,7.6,10,1,TIKA-508,TIKA,pre_ai,Improvement,0
482,3.4242424242424243,33,2,TIKA-4425,TIKA,ai_era,Task,0
37,1.8,5,1,TIKA-102,TIKA,pre_ai,Improvement,0
172,2.875,8,2,TIKA-1834,TIKA,pre_ai,Sub-task,0
1694,1.8211920529801324,151,10,TIKA-4676,TIKA,ai_era,Improvement,0
389,1.446808510638298,47,3,TIKA-2373,TIKA,pre_ai,Bug,1
2979,2.7301587301587302,252,5,TIKA-4243,TIKA,ai_era,New Feature,0
1148,2.0,121,1,TIKA-4485,TIKA,ai_era,Bug,1
600,2.2045454545454546,44,3,TIKA-4507,TIKA,ai_era,Task,0
29,1.0,2,1,TIKA-2211,TIKA,pre_ai,Bug,1
416,4.857142857142857,21,1,TIKA-711,TIKA,pre_ai,Bug,1
135,3.1818181818181817,11,1,TIKA-4564,TIKA,ai_era,Task,0
172,2.4375,16,1,TIKA-1980,TIKA,pre_ai,Bug,1
199,6.888888888888889,9,1,TIKA-525,TIKA,pre_ai,Bug,1
427,1.9206349206349207,63,1,TIKA-2996,TIKA,pre_ai,Improvement,0
442,2.742857142857143,35,1,TIKA-2638,TIKA,pre_ai,Bug,1
182,3.3636363636363638,11,1,TIKA-256,TIKA,pre_ai,Bug,1
1864,2.6858974358974357,156,4,TIKA-3270,TIKA,ai_era,Improvement,0
1926,2.5923076923076924,130,7,TIKA-4561,TIKA,ai_era,Task,0
633,3.588235294117647,34,1,TIKA-4374,TIKA,ai_era,Task,0
1147,9.128205128205128,39,1,TIKA-4361,TIKA,ai_era,Improvement,0
83,1.5,14,1,TIKA-4403,TIKA,ai_era,Task,0
462,3.1666666666666665,30,4,TIKA-2485,TIKA,pre_ai,Improvement,0
498,4.653846153846154,26,1,TIKA-1512,TIKA,pre_ai,Bug,1
270,4.0,14,1,TIKA-2311,TIKA,pre_ai,Bug,1
483,4.48,25,3,TIKA-4013,TIKA,ai_era,New Feature,0
1391,2.9743589743589745,78,14,TIKA-4764,TIKA,ai_era,Task,0
709,3.111111111111111,63,3,TIKA-573,TIKA,pre_ai,Improvement,0
151,8.0,4,1,TIKA-997,TIKA,pre_ai,Improvement,0
267,1.9375,16,3,TIKA-4195,TIKA,ai_era,Improvement,0
621,2.8205128205128207,39,2,TIKA-2174,TIKA,pre_ai,Bug,1
10127,3.5283333333333333,600,37,TIKA-4399,TIKA,ai_era,Task,0
181,4.625,8,1,TIKA-506,TIKA,pre_ai,Improvement,0
170,3.5,10,2,TIKA-4034,TIKA,ai_era,Task,0
3559,2.875486381322957,257,8,TIKA-4330,TIKA,ai_era,Task,0
270,1.962962962962963,27,2,TIKA-4700,TIKA,ai_era,Improvement,0
4055,3.7688888888888887,225,16,TIKA-4689,TIKA,ai_era,Task,0
273,6.9,10,1,TIKA-847,TIKA,pre_ai,New Feature,0
347,1.6444444444444444,45,5,TIKA-4598,TIKA,ai_era,Task,0
356,4.45,20,1,TIKA-644,TIKA,pre_ai,Bug,1
1405,2.406015037593985,133,6,TIKA-837,TIKA,pre_ai,Sub-task,0
5388,5.560344827586207,232,32,TIKA-930,TIKA,pre_ai,Improvement,0
2448,4.577586206896552,116,5,TIKA-4755,TIKA,ai_era,Task,0
458,8.647058823529411,17,1,TIKA-4653,TIKA,ai_era,Task,0
94,3.75,4,1,TIKA-510,TIKA,pre_ai,Improvement,0
29,1.5,4,1,TIKA-4293,TIKA,ai_era,Bug,1
511,2.4375,32,2,TIKA-4252,TIKA,ai_era,Bug,1
236,2.5217391304347827,23,1,TIKA-822,TIKA,pre_ai,Bug,1
490,7.411764705882353,17,1,TIKA-3741,TIKA,pre_ai,Task,0
201,3.8333333333333335,6,1,TIKA-853,TIKA,pre_ai,Bug,1
70,2.5,2,1,TIKA-4193,TIKA,ai_era,Improvement,0
58,1.0,6,1,TIKA-4510,TIKA,ai_era,Test,0
82,7.0,2,1,TIKA-3734,TIKA,pre_ai,Task,0
156,6.0,5,1,TIKA-4413,TIKA,ai_era,Task,0
729,5.344827586206897,29,1,TIKA-2999,TIKA,pre_ai,Task,0
1116,5.717948717948718,39,2,TIKA-3875,TIKA,pre_ai,Task,0
2231,4.3983739837398375,123,11,TIKA-4710,TIKA,ai_era,Task,0
704,4.121212121212121,33,2,TIKA-4817,TIKA,ai_era,Task,0
221,4.2,10,1,TIKA-4630,TIKA,ai_era,Improvement,0
465,1.819672131147541,61,3,TIKA-927,TIKA,pre_ai,Improvement,0
142,2.0833333333333335,12,1,TIKA-2520,TIKA,pre_ai,Improvement,0
4513,3.120805369127517,298,15,TIKA-4128,TIKA,ai_era,Task,0
384,2.257142857142857,35,1,TIKA-2356,TIKA,pre_ai,Bug,1
1284,1.8208092485549132,173,14,TIKA-4665,TIKA,ai_era,New Feature,0
445,3.6666666666666665,30,2,TIKA-441,TIKA,pre_ai,Bug,1
51,1.8333333333333333,6,1,TIKA-4065,TIKA,ai_era,Bug,1
285,4.363636363636363,11,1,TIKA-4116,TIKA,ai_era,Bug,1
1613,5.3088235294117645,68,5,TIKA-4437,TIKA,ai_era,Task,0
1543,2.7214285714285715,140,2,TIKA-4358,TIKA,ai_era,Task,0
172,6.333333333333333,6,1,TIKA-4530,TIKA,ai_era,Improvement,0
506,4.043478260869565,23,1,TIKA-4785,TIKA,ai_era,Bug,1
240,2.2857142857142856,21,1,TIKA-1053,TIKA,pre_ai,Improvement,0
225,3.8181818181818183,11,1,TIKA-146,TIKA,pre_ai,Improvement,0
469,3.3529411764705883,34,6,TIKA-4754,TIKA,ai_era,Task,0
826,1.9591836734693877,98,1,TIKA-4082,TIKA,ai_era,Bug,1
254,2.0588235294117645,17,1,TIKA-4385,TIKA,ai_era,Bug,1
588,7.3,20,1,TIKA-4727,TIKA,ai_era,Improvement,0
1936,2.9836065573770494,122,14,TIKA-3324,TIKA,ai_era,Task,0
576,4.931034482758621,29,1,TIKA-4718,TIKA,ai_era,Task,0
238,2.217391304347826,23,1,TIKA-4204,TIKA,ai_era,Bug,1
5613,2.5462555066079293,454,30,TIKA-4758,TIKA,ai_era,Task,0
916,1.92,100,2,TIKA-4756,TIKA,ai_era,Improvement,0
3377,3.12992125984252,254,20,TIKA-2220,TIKA,pre_ai,Improvement,0
83,2.25,8,1,TIKA-163,TIKA,pre_ai,Bug,1
2385,3.08,150,5,TIKA-4033,TIKA,ai_era,Task,0
539,5.130434782608695,23,1,TIKA-4430,TIKA,ai_era,Task,0
913,4.170731707317073,41,4,TIKA-4641,TIKA,ai_era,Task,0
3898,2.9246575342465753,292,10,TIKA-4748,TIKA,ai_era,Task,0
1256,1.887218045112782,133,6,TIKA-4666,TIKA,ai_era,New Feature,0
505,4.56,25,1,TIKA-1376,TIKA,pre_ai,Improvement,0
233,16.333333333333332,3,1,TIKA-4474,TIKA,ai_era,Bug,1
302,2.5833333333333335,24,2,TIKA-738,TIKA,pre_ai,Bug,1
473,4.074074074074074,27,1,TIKA-4032,TIKA,ai_era,Task,0
255,10.75,8,1,TIKA-2849,TIKA,pre_ai,Bug,1
429,1.868421052631579,38,1,TIKA-3286,TIKA,pre_ai,Improvement,0
426,4.625,24,1,TIKA-4445,TIKA,ai_era,Bug,1
1978,4.803921568627451,102,6,TIKA-4736,TIKA,ai_era,Bug,1
118,2.625,8,1,TIKA-389,TIKA,pre_ai,Bug,1
699,3.116279069767442,43,2,TIKA-2810,TIKA,pre_ai,Improvement,0
2742,2.4688796680497926,241,4,TIKA-4287,TIKA,ai_era,Task,0
949,3.4285714285714284,49,2,TIKA-4556,TIKA,ai_era,Task,0
870,3.6842105263157894,38,3,TIKA-4205,TIKA,ai_era,New Feature,0
82,3.0,3,1,TIKA-1500,TIKA,pre_ai,Bug,1
62,1.3,10,1,TIKA-4453,TIKA,ai_era,Bug,1
7147,2.709737827715356,534,36,TIKA-4562,TIKA,ai_era,Task,0
1060,9.13888888888889,36,1,TIKA-1544,TIKA,pre_ai,Bug,1
1074,5.196078431372549,51,1,TIKA-4737,TIKA,ai_era,Bug,1
1041,2.01,100,4,TIKA-3297,TIKA,pre_ai,Task,0
99,2.7777777777777777,9,2,TIKA-750,TIKA,pre_ai,Improvement,0
711,2.2142857142857144,70,1,TIKA-4216,TIKA,ai_era,Improvement,0
60,5.0,2,1,TIKA-1837,TIKA,pre_ai,Bug,1
310,3.7222222222222223,18,1,TIKA-4433,TIKA,ai_era,Task,0
114,3.5,6,1,TIKA-293,TIKA,pre_ai,Bug,1
354,1.641025641025641,39,2,TIKA-2022,TIKA,pre_ai,Improvement,0
330,2.28,25,3,TIKA-172,TIKA,pre_ai,Improvement,0
276,6.6,5,2,TIKA-3050,TIKA,pre_ai,Task,0
608,2.6363636363636362,55,10,TIKA-4289,TIKA,ai_era,Task,0
201,10.75,4,1,TIKA-801,TIKA,pre_ai,Bug,1
1254,4.555555555555555,63,3,TIKA-1657,TIKA,pre_ai,Improvement,0
92,5.333333333333333,3,1,TIKA-3015,TIKA,pre_ai,Task,0
508,2.5681818181818183,44,1,TIKA-4291,TIKA,ai_era,Bug,1
572,4.2727272727272725,33,2,TIKA-2601,TIKA,pre_ai,Bug,1
269,5.6,10,2,TIKA-3729,TIKA,pre_ai,Bug,1
882,3.5344827586206895,58,2,TIKA-4418,TIKA,ai_era,Task,0
7130,2.7467532467532467,462,41,TIKA-1719,TIKA,pre_ai,Improvement,0
289,8.571428571428571,7,2,TIKA-4577,TIKA,ai_era,Task,0
381,8.285714285714286,14,1,TIKA-3109,TIKA,ai_era,Bug,1
2480,3.878787878787879,132,14,TIKA-4650,TIKA,ai_era,Task,0
53,1.3333333333333333,3,1,TIKA-3016,TIKA,pre_ai,Task,0
377,3.3157894736842106,19,1,TIKA-4014,TIKA,ai_era,New Feature,0
419,1.8297872340425532,47,1,TIKA-3470,TIKA,pre_ai,Task,0
242,4.6,10,4,TIKA-60,TIKA,pre_ai,Improvement,0
268,4.666666666666667,12,2,TIKA-32,TIKA,pre_ai,Bug,1
292,1.8709677419354838,31,1,TIKA-1100,TIKA,pre_ai,Bug,1
288,4.916666666666667,12,1,TIKA-3469,TIKA,pre_ai,Task,0
239,2.0416666666666665,24,2,TIKA-3237,TIKA,pre_ai,Improvement,0
75,3.0,3,1,TIKA-3962,TIKA,ai_era,Task,0
2194,4.363636363636363,99,8,TIKA-4268,TIKA,ai_era,Task,0
1030,5.439024390243903,41,3,TIKA-4752,TIKA,ai_era,Task,0
920,1.9145299145299146,117,2,TIKA-3172,TIKA,ai_era,Wish,0
570,2.4523809523809526,42,2,TIKA-2703,TIKA,pre_ai,Bug,1
680,2.462962962962963,54,5,TIKA-3717,TIKA,pre_ai,Task,0
767,3.3333333333333335,48,13,TIKA-31,TIKA,pre_ai,Improvement,0
57,1.6666666666666667,3,1,TIKA-668,TIKA,pre_ai,Improvement,0
220,10.0,10,1,TIKA-4675,TIKA,ai_era,New Feature,0
72,2.25,4,1,TIKA-1362,TIKA,pre_ai,Bug,1
1610,2.4918032786885247,122,9,TIKA-4560,TIKA,ai_era,Task,0
393,2.9,30,2,TIKA-2625,TIKA,pre_ai,Bug,1
188,5.111111111111111,9,1,TIKA-633,TIKA,pre_ai,Bug,1
862,2.12,75,10,TIKA-756,TIKA,pre_ai,New Feature,0
57,2.0,3,1,TIKA-4625,TIKA,ai_era,Task,0
2744,2.502463054187192,203,10,TIKA-4652,TIKA,ai_era,Task,0
332,3.8,15,2,TIKA-2048,TIKA,pre_ai,Bug,1
580,5.3,30,2,TIKA-650,TIKA,pre_ai,Bug,1
3214,3.682051282051282,195,23,TIKA-1599,TIKA,ai_era,Improvement,0
676,2.5,42,4,TIKA-2864,TIKA,pre_ai,Task,0
4224,2.975975975975976,333,10,TIKA-4017,TIKA,ai_era,Task,0
464,4.434782608695652,23,1,TIKA-4692,TIKA,ai_era,Task,0
62,1.6666666666666667,3,1,TIKA-1681,TIKA,pre_ai,Bug,1
132,9.0,4,1,TIKA-800,TIKA,pre_ai,Bug,1
1469,2.873873873873874,111,4,TIKA-4760,TIKA,ai_era,Task,0
2083,4.205357142857143,112,4,TIKA-4563,TIKA,ai_era,Task,0
77,1.6,5,3,TIKA-257,TIKA,pre_ai,Bug,1
171,2.1875,16,1,TIKA-2024,TIKA,pre_ai,Improvement,0
140,2.888888888888889,9,1,TIKA-434,TIKA,pre_ai,Bug,1
185,4.714285714285714,7,2,TIKA-2246,TIKA,pre_ai,Improvement,0
159,5.375,8,1,TIKA-4551,TIKA,ai_era,Improvement,0
341,2.193548387096774,31,1,TIKA-4234,TIKA,ai_era,Improvement,0
362,8.7,10,1,TIKA-2089,TIKA,pre_ai,Bug,1
150,1.5,6,2,TIKA-3987,TIKA,ai_era,Task,0
448,5.421052631578948,19,1,TIKA-4030,TIKA,ai_era,Task,0
1885,3.6031746031746033,126,5,TIKA-4552,TIKA,ai_era,Task,0
3232,3.430167597765363,179,18,TIKA-3402,TIKA,pre_ai,Improvement,0
644,5.954545454545454,22,1,TIKA-2303,TIKA,pre_ai,Improvement,0
288,6.7272727272727275,11,1,TIKA-4796,TIKA,ai_era,Improvement,0
1356,2.1666666666666665,132,4,TIKA-4256,TIKA,ai_era,Task,0
208,2.130434782608696,23,1,TIKA-474,TIKA,pre_ai,Improvement,0
1328,4.537313432835821,67,3,TIKA-3885,TIKA,pre_ai,Improvement,0
1158,5.871794871794871,39,2,TIKA-3889,TIKA,pre_ai,Task,0
248,3.0,17,1,TIKA-2773,TIKA,pre_ai,Task,0
287,10.777777777777779,9,1,TIKA-3666,TIKA,ai_era,Improvement,0
173,2.75,16,1,TIKA-4566,TIKA,ai_era,Task,0
204,2.642857142857143,14,1,TIKA-3831,TIKA,pre_ai,Task,0
269,1.85,20,1,TIKA-519,TIKA,pre_ai,New Feature,0
1185,5.590909090909091,44,1,TIKA-4064,TIKA,ai_era,Task,0
601,2.56,50,5,TIKA-3641,TIKA,ai_era,Task,0
349,2.9523809523809526,21,2,TIKA-832,TIKA,pre_ai,Improvement,0
541,2.6904761904761907,42,3,TIKA-4749,TIKA,ai_era,Task,0
2152,3.4054054054054053,148,13,TIKA-4746,TIKA,ai_era,Bug,1
671,2.7916666666666665,48,2,TIKA-4642,TIKA,ai_era,Task,0
147,6.714285714285714,7,1,TIKA-349,TIKA,pre_ai,Improvement,0
603,1.9464285714285714,56,2,TIKA-4533,TIKA,ai_era,Improvement,0
1661,2.834710743801653,121,7,TIKA-3064,TIKA,ai_era,Task,0
56,4.666666666666667,3,1,TIKA-947,TIKA,pre_ai,Bug,1
1356,2.379032258064516,124,6,TIKA-4449,TIKA,ai_era,Task,0
329,12.0,6,2,TIKA-3316,TIKA,pre_ai,Bug,1
365,2.4166666666666665,24,1,TIKA-2169,TIKA,pre_ai,Bug,1
